Image,DWT_CR,DWT_MSE,DWT_PSNR,JPEG_CR,JPEG_MSE,JPEG_PSNR,Score_Original,Score_DWT,Score_JPEG,FalseNegative_DWT,FalseNegative_JPEG
anthracnose1000_.jpg,14.49,51.34,31.03,7.95,19.42,35.25,0.0421,0.0132,0.0416,2.89,0.05
anthracnose1001_.jpg,14.42,72.92,29.5,7.32,28.92,33.52,0.0375,0.0118,0.0391,2.57,-0.17
anthracnose1002_.jpg,14.47,66.59,29.9,7.46,22.35,34.64,0.0563,0.0159,0.0583,4.04,-0.2
anthracnose1003_.jpg,14.5,22.72,34.57,10.37,5.01,41.14,0.0301,0.015,0.0298,1.51,0.03
anthracnose1004_.jpg,14.48,56.94,30.58,7.93,19.82,35.16,0.0428,0.0186,0.0448,2.42,-0.2
anthracnose1005_.jpg,14.32,79.36,29.13,7.28,26.0,33.98,0.0451,0.025,0.0463,2.01,-0.12
anthracnose1006_.jpg,14.46,66.45,29.91,7.44,26.01,33.98,0.0369,0.013,0.0375,2.39,-0.06
anthracnose1007_.jpg,14.48,26.37,33.92,10.91,9.56,38.33,0.0187,0.0096,0.0189,0.92,-0.02
anthracnose1008_.jpg,14.62,5.94,40.39,15.41,1.44,46.56,0.007,0.0064,0.0072,0.06,-0.02
anthracnose1009_.jpg,14.46,38.1,32.32,10.15,12.21,37.26,0.0275,0.0126,0.0264,1.5,0.11
anthracnose1010_.jpg,14.53,47.06,31.4,7.57,13.96,36.68,0.0443,0.0217,0.0446,2.25,-0.03
anthracnose1011_.jpg,14.47,73.56,29.46,7.32,23.8,34.36,0.0735,0.0197,0.0759,5.38,-0.24
anthracnose1012_.jpg,14.47,61.96,30.21,7.64,26.38,33.92,0.0454,0.0132,0.0464,3.21,-0.11
anthracnose1013_.jpg,14.46,74.34,29.42,6.86,29.78,33.39,0.0515,0.0191,0.0524,3.24,-0.09
anthracnose1014_.jpg,14.49,53.94,30.81,8.44,23.57,34.41,0.0382,0.0092,0.0404,2.89,-0.23
anthracnose1015_.jpg,14.44,55.67,30.67,7.94,23.26,34.47,0.0339,0.02,0.0349,1.39,-0.1
anthracnose1016_.jpg,14.49,36.12,32.55,7.65,9.85,38.19,0.0373,0.0092,0.0365,2.8,0.07
anthracnose1017_.jpg,14.49,45.11,31.59,7.63,20.0,35.12,0.0313,0.0099,0.0308,2.14,0.05
anthracnose1018_.jpg,14.49,73.97,29.44,6.11,30.96,33.22,0.0573,0.0137,0.0595,4.36,-0.22
anthracnose1019_.jpg,14.45,64.55,30.03,6.76,25.23,34.11,0.0409,0.0185,0.0416,2.24,-0.07
anthracnose1020_.jpg,14.45,61.67,30.23,7.28,23.34,34.45,0.0385,0.0109,0.0389,2.75,-0.05
anthracnose1021_.jpg,14.45,77.75,29.22,6.47,30.97,33.22,0.0501,0.0168,0.0516,3.34,-0.15
anthracnose1022_.jpg,14.51,8.96,38.61,10.88,2.26,44.59,0.0097,0.004,0.0103,0.56,-0.06
anthracnose1023_.jpg,14.43,81.75,29.01,6.47,30.91,33.23,0.053,0.0229,0.0522,3.0,0.08
anthracnose1024_.jpg,14.45,53.49,30.85,6.82,22.45,34.62,0.0407,0.0093,0.0411,3.14,-0.04
anthracnose1025_.jpg,14.44,61.25,30.26,7.32,23.74,34.38,0.0408,0.014,0.042,2.68,-0.12
anthracnose1026_.jpg,14.47,53.0,30.89,8.27,19.0,35.34,0.0389,0.0144,0.04,2.45,-0.11
anthracnose1027_.jpg,14.46,43.44,31.75,8.57,14.16,36.62,0.03,0.0137,0.0308,1.63,-0.08
anthracnose1028_.jpg,14.48,54.27,30.79,7.13,20.67,34.98,0.0418,0.0098,0.0393,3.2,0.25
anthracnose1029_.jpg,14.47,63.5,30.1,6.79,27.05,33.81,0.0429,0.0129,0.0429,2.99,-0.0
anthracnose1030_.jpg,14.48,33.54,32.88,10.09,10.67,37.85,0.0296,0.0175,0.0296,1.21,0.0
anthracnose1031_.jpg,14.48,29.09,33.49,12.04,8.22,38.98,0.0231,0.0161,0.0231,0.7,-0.0
anthracnose1032_.jpg,14.51,10.26,38.02,10.95,2.28,44.55,0.0176,0.0134,0.0176,0.42,-0.01
anthracnose1033_.jpg,14.5,60.38,30.32,6.97,24.06,34.32,0.0526,0.0246,0.0516,2.8,0.1
anthracnose1034_.jpg,14.51,1.9,45.35,14.37,1.15,47.53,0.0019,0.0012,0.0018,0.07,0.0
anthracnose1035_.jpg,14.51,11.1,37.68,12.36,1.99,45.13,0.0165,0.0093,0.0167,0.72,-0.02
anthracnose1036_.jpg,14.5,24.33,34.27,9.86,8.27,38.96,0.0234,0.0053,0.0206,1.81,0.29
anthracnose1037_.jpg,14.51,10.31,38.0,12.59,2.12,44.86,0.0128,0.0081,0.012,0.47,0.08
anthracnose1038_.jpg,14.45,25.12,34.13,11.58,8.53,38.82,0.018,0.0112,0.017,0.68,0.1
anthracnose1039_.jpg,14.51,20.26,35.06,10.57,7.08,39.63,0.0212,0.0103,0.0207,1.09,0.05
anthracnose1040_.jpg,14.5,30.22,33.33,8.99,10.75,37.82,0.0296,0.0081,0.0274,2.14,0.21
anthracnose1041_.jpg,14.51,23.87,34.35,9.53,8.31,38.93,0.0188,0.0058,0.0194,1.3,-0.06
anthracnose1042_.jpg,14.51,13.02,36.98,13.09,4.78,41.34,0.0111,0.0033,0.0113,0.78,-0.02
anthracnose1043_.jpg,14.51,4.97,41.17,13.17,1.67,45.9,0.0056,0.0025,0.0043,0.3,0.13
anthracnose1044_.jpg,14.5,11.87,37.39,11.21,3.6,42.57,0.0124,0.0027,0.0124,0.97,0.0
anthracnose1045_.jpg,14.48,26.29,33.93,10.02,7.25,39.53,0.0245,0.0081,0.023,1.64,0.15
anthracnose1046_.jpg,14.47,35.94,32.57,8.78,13.81,36.73,0.0272,0.0059,0.0263,2.13,0.1
anthracnose1047_.jpg,14.51,12.44,37.18,11.81,3.37,42.86,0.0107,0.0045,0.0127,0.62,-0.19
anthracnose1048_.jpg,14.49,25.46,34.07,9.08,7.41,39.43,0.0229,0.0109,0.023,1.19,-0.01
anthracnose1049_.jpg,14.47,43.73,31.72,8.35,13.57,36.8,0.0346,0.0138,0.0331,2.09,0.15
anthracnose1050_.jpg,14.51,31.28,33.18,9.94,12.0,37.34,0.0227,0.008,0.022,1.47,0.06
anthracnose1051_.jpg,14.51,11.42,37.56,11.84,3.53,42.66,0.0119,0.0056,0.0114,0.63,0.05
anthracnose1052_.jpg,14.51,17.59,35.68,9.68,6.19,40.21,0.0116,0.0056,0.0116,0.6,0.0
anthracnose1053_.jpg,14.49,31.79,33.11,8.1,10.4,37.96,0.0296,0.0092,0.0278,2.04,0.18
anthracnose1054_.jpg,14.51,24.87,34.17,8.9,8.61,38.78,0.0231,0.0086,0.0209,1.45,0.22
anthracnose1055_.jpg,14.51,14.6,36.49,10.5,4.96,41.17,0.0144,0.0059,0.0132,0.85,0.11
anthracnose1056_.jpg,14.51,20.92,34.93,10.06,5.86,40.45,0.0221,0.0081,0.0215,1.4,0.06
anthracnose1057_.jpg,14.49,28.35,33.61,9.98,9.33,38.43,0.025,0.0115,0.0233,1.35,0.17
anthracnose1058_.jpg,14.5,11.79,37.42,12.45,3.9,42.22,0.0101,0.0049,0.0094,0.52,0.06
anthracnose1059_.jpg,14.5,23.87,34.35,9.84,9.18,38.5,0.0168,0.0069,0.0161,0.98,0.07
anthracnose1060_.jpg,14.48,18.58,35.44,10.66,5.76,40.53,0.018,0.0084,0.0183,0.96,-0.04
anthracnose1061_.jpg,14.51,11.01,37.71,12.03,2.6,43.99,0.0157,0.0065,0.0155,0.92,0.02
anthracnose1062_.jpg,14.51,16.33,36.0,9.93,4.71,41.4,0.0169,0.0071,0.0167,0.98,0.02
anthracnose1063_.jpg,14.5,20.63,34.99,10.3,6.4,40.07,0.0211,0.0082,0.0211,1.28,-0.0
anthracnose1064_.jpg,14.51,9.79,38.22,10.67,3.53,42.65,0.015,0.0085,0.0143,0.65,0.08
anthracnose1065_.jpg,14.4,79.31,29.14,6.45,13.07,36.97,0.0704,0.0476,0.0718,2.28,-0.14
anthracnose1066_.jpg,14.5,25.41,34.08,10.09,9.46,38.37,0.021,0.0096,0.0199,1.14,0.11
anthracnose1067_.jpg,14.5,12.17,37.28,12.35,3.9,42.22,0.0161,0.0061,0.0152,1.01,0.09
anthracnose1068_.jpg,14.5,39.09,32.21,9.09,15.26,36.3,0.0258,0.0087,0.0263,1.71,-0.04
anthracnose1069_.jpg,14.5,12.95,37.01,11.47,3.71,42.43,0.0164,0.0083,0.0156,0.81,0.09
anthracnose1070_.jpg,14.51,17.48,35.71,10.51,5.47,40.75,0.0163,0.0071,0.0156,0.92,0.07
anthracnose1071_.jpg,14.5,19.28,35.28,10.01,6.48,40.02,0.0154,0.0054,0.0153,1.0,0.01
anthracnose1072_.jpg,14.5,20.43,35.03,10.97,7.03,39.66,0.0187,0.0075,0.0193,1.12,-0.06
anthracnose1073_.jpg,14.48,18.99,35.35,11.02,6.79,39.81,0.0172,0.0086,0.0169,0.86,0.03
anthracnose1074_.jpg,14.5,34.99,32.69,8.74,14.03,36.66,0.0243,0.0097,0.023,1.46,0.13
anthracnose1075_.jpg,14.45,29.47,33.44,9.38,10.21,38.04,0.0227,0.0086,0.0226,1.41,0.01
anthracnose1076_.jpg,14.51,32.66,32.99,8.97,11.84,37.4,0.0314,0.0057,0.0323,2.57,-0.09
anthracnose1077_.jpg,14.51,13.97,36.68,11.77,4.74,41.37,0.016,0.0053,0.0128,1.07,0.32
anthracnose1078_.jpg,14.51,25.88,34.0,10.16,8.47,38.85,0.0289,0.0093,0.0269,1.96,0.2
anthracnose1079_.jpg,14.51,16.29,36.01,12.25,5.47,40.75,0.0164,0.0081,0.0157,0.83,0.07
anthracnose1080_.jpg,14.51,2.67,43.86,13.07,1.29,47.02,0.0041,0.0039,0.004,0.03,0.01
anthracnose1081_.jpg,14.51,19.22,35.29,10.11,4.72,41.39,0.0203,0.0084,0.0186,1.19,0.16
anthracnose1082_.jpg,14.46,40.38,32.07,8.35,14.4,36.55,0.0369,0.0096,0.0361,2.72,0.08
anthracnose1083_.jpg,14.66,37.89,32.35,9.36,13.36,36.87,0.0253,0.0098,0.0252,1.55,0.01
anthracnose1084_.jpg,14.51,13.75,36.75,12.64,5.76,40.53,0.0107,0.0054,0.01,0.52,0.06
anthracnose1085_.jpg,14.51,12.83,37.05,11.73,5.61,40.64,0.0113,0.0064,0.0113,0.48,-0.0
anthracnose1086_.jpg,14.48,27.83,33.69,9.38,8.98,38.6,0.019,0.008,0.0189,1.11,0.01
anthracnose1087_.jpg,14.49,17.9,35.6,10.58,5.59,40.66,0.0154,0.0068,0.0148,0.87,0.06
anthracnose1088_.jpg,14.47,22.58,34.59,10.16,8.34,38.92,0.0152,0.0072,0.0145,0.8,0.07
anthracnose1089_.jpg,14.48,37.23,32.42,8.89,15.12,36.33,0.0236,0.0095,0.0238,1.41,-0.02
anthracnose1090_.jpg,14.48,37.75,32.36,8.39,15.41,36.25,0.0261,0.0088,0.026,1.73,0.01
anthracnose1091_.jpg,14.46,29.56,33.42,9.31,12.1,37.3,0.0218,0.0079,0.0228,1.39,-0.1
anthracnose1092_.jpg,14.51,8.87,38.65,12.13,3.24,43.03,0.0095,0.0071,0.009,0.23,0.05
anthracnose1093_.jpg,14.48,14.24,36.6,12.81,5.29,40.9,0.0106,0.0064,0.0103,0.42,0.03
anthracnose1094_.jpg,14.51,19.18,35.3,10.41,6.41,40.06,0.0151,0.0062,0.0144,0.89,0.08
anthracnose1095_.jpg,14.5,27.08,33.8,10.68,11.81,37.41,0.0196,0.0094,0.0196,1.02,-0.0
anthracnose1096_.jpg,14.5,7.4,39.44,14.72,2.67,43.86,0.0088,0.0058,0.0089,0.29,-0.01
anthracnose1097_.jpg,14.51,14.49,36.52,12.88,5.86,40.45,0.0096,0.0048,0.0101,0.48,-0.05
anthracnose1098_.jpg,14.5,27.37,33.76,10.63,10.98,37.72,0.0187,0.006,0.0181,1.27,0.06
anthracnose1099_.jpg,14.51,24.84,34.18,12.32,9.28,38.46,0.0142,0.0081,0.0143,0.61,-0.01
anthracnose1100_.jpg,14.49,20.95,34.92,10.31,7.22,39.55,0.0142,0.0064,0.0148,0.79,-0.05
anthracnose1101_.jpg,14.5,16.87,35.86,11.54,6.6,39.93,0.0088,0.0043,0.0088,0.45,-0.0
anthracnose1102_.jpg,14.5,27.16,33.79,10.51,12.35,37.21,0.0188,0.0078,0.0181,1.1,0.06
anthracnose1103_.jpg,14.5,27.63,33.72,11.27,10.35,37.98,0.0191,0.0083,0.018,1.08,0.12
anthracnose1104_.jpg,14.51,5.14,41.02,13.32,2.24,44.63,0.0065,0.0037,0.0063,0.29,0.02
anthracnose1105_.jpg,14.49,27.91,33.67,10.64,10.93,37.75,0.0215,0.0074,0.0203,1.41,0.11
anthracnose1106_.jpg,14.5,22.61,34.59,11.08,9.12,38.53,0.0177,0.0054,0.0165,1.22,0.11
anthracnose1107_.jpg,14.49,18.97,35.35,12.63,7.51,39.38,0.0138,0.0079,0.0135,0.59,0.03
anthracnose1108_.jpg,14.48,16.33,36.0,12.56,5.47,40.75,0.0139,0.0087,0.0137,0.52,0.02
anthracnose1109_.jpg,14.45,22.26,34.66,12.37,7.7,39.26,0.0161,0.0085,0.015,0.76,0.11
anthracnose1110_.jpg,14.51,37.43,32.4,8.77,17.98,35.58,0.0204,0.0067,0.0195,1.37,0.09
anthracnose1111_.jpg,14.5,16.56,35.94,11.35,7.06,39.65,0.0119,0.0047,0.0118,0.73,0.01
anthracnose1112_.jpg,14.51,9.07,38.56,12.7,2.46,44.21,0.0102,0.0054,0.0107,0.48,-0.05
anthracnose1113_.jpg,14.47,21.54,34.8,11.24,8.01,39.1,0.0157,0.0068,0.0149,0.89,0.08
anthracnose1114_.jpg,14.51,8.14,39.02,13.84,2.21,44.68,0.0087,0.0063,0.0085,0.24,0.02
anthracnose1115_.jpg,14.51,13.59,36.8,11.19,3.97,42.15,0.0119,0.006,0.011,0.59,0.09
anthracnose1116_.jpg,14.5,17.13,35.79,11.23,6.18,40.22,0.0164,0.0057,0.0149,1.07,0.14
anthracnose1117_.jpg,14.51,16.36,35.99,12.08,4.55,41.55,0.0187,0.0072,0.0193,1.15,-0.06
anthracnose1118_.jpg,14.51,17.42,35.72,11.84,5.35,40.85,0.0135,0.0082,0.0137,0.53,-0.02
anthracnose1119_.jpg,14.5,15.03,36.36,11.99,6.12,40.26,0.0118,0.0067,0.0111,0.5,0.06
anthracnose1120_.jpg,14.5,17.18,35.78,11.0,6.16,40.23,0.0151,0.0074,0.0145,0.77,0.06
anthracnose1121_.jpg,14.49,30.41,33.3,9.28,10.21,38.04,0.0246,0.0077,0.024,1.69,0.06
anthracnose1122_.jpg,14.5,32.47,33.02,9.29,14.23,36.6,0.018,0.0081,0.0177,0.99,0.03
anthracnose1123_.jpg,14.5,34.11,32.8,8.21,10.5,37.92,0.0359,0.0064,0.0344,2.95,0.15
anthracnose1124_.jpg,14.51,21.13,34.88,9.62,7.51,39.38,0.0222,0.0042,0.0212,1.8,0.1
anthracnose1125_.jpg,14.48,50.53,31.1,8.02,22.01,34.71,0.0355,0.0092,0.035,2.64,0.06
anthracnose1126_.jpg,14.5,10.93,37.74,13.28,3.08,43.24,0.0118,0.0078,0.0108,0.41,0.1
anthracnose1127_.jpg,14.51,28.03,33.65,9.36,12.24,37.25,0.0227,0.0067,0.0202,1.6,0.25
anthracnose1128_.jpg,14.51,14.61,36.48,11.15,6.6,39.94,0.0107,0.0052,0.0093,0.55,0.14
anthracnose1129_.jpg,14.51,15.06,36.35,12.13,5.72,40.56,0.0111,0.0062,0.0101,0.49,0.1
anthracnose1130_.jpg,14.49,6.81,39.8,13.4,1.59,46.12,0.0073,0.0071,0.0073,0.03,0.01
anthracnose1131_.jpg,14.51,18.58,35.44,11.76,5.82,40.48,0.0198,0.0075,0.0193,1.22,0.05
anthracnose1132_.jpg,14.49,17.15,35.79,10.8,4.68,41.43,0.0158,0.0073,0.0149,0.85,0.09
anthracnose1133_.jpg,14.5,30.42,33.3,8.74,11.44,37.55,0.0218,0.0092,0.0212,1.26,0.06
anthracnose1134_.jpg,14.48,21.14,34.88,9.21,4.32,41.78,0.0214,0.0123,0.0223,0.91,-0.09
anthracnose1135_.jpg,14.53,6.62,39.92,10.97,2.08,44.94,0.012,0.0112,0.0115,0.08,0.05
anthracnose1136_.jpg,14.48,56.25,30.63,6.93,18.46,35.47,0.047,0.0256,0.0483,2.14,-0.13
anthracnose1137_.jpg,14.05,146.45,26.47,4.93,42.34,31.86,0.1189,0.0483,0.1219,7.07,-0.3
anthracnose1138_.jpg,14.2,107.01,27.84,5.42,25.81,34.01,0.0897,0.0313,0.0918,5.84,-0.21
anthracnose1139_.jpg,14.31,63.77,30.08,6.61,14.88,36.41,0.0703,0.0311,0.0686,3.92,0.17
anthracnose1140_.jpg,13.83,140.33,26.66,4.82,33.6,32.87,0.1076,0.0826,0.1101,2.5,-0.25
anthracnose1141_.jpg,13.24,175.76,25.68,4.49,28.91,33.52,0.1216,0.1094,0.1221,1.22,-0.05
anthracnose1142_.jpg,12.02,292.62,23.47,3.79,51.5,31.01,0.1559,0.1537,0.1613,0.22,-0.54
anthracnose1143_.jpg,12.32,294.27,23.44,3.81,58.3,30.47,0.1719,0.1557,0.1791,1.62,-0.73
anthracnose1144_.jpg,13.64,117.72,27.42,5.19,32.38,33.03,0.0875,0.0637,0.0878,2.38,-0.04
anthracnose1145_.jpg,14.26,70.35,29.66,6.31,19.49,35.23,0.07,0.0242,0.0704,4.58,-0.04
anthracnose1146_.jpg,14.31,76.67,29.28,6.26,21.28,34.85,0.0737,0.0242,0.0735,4.96,0.02
anthracnose1147_.jpg,14.32,80.72,29.06,6.05,20.48,35.02,0.0794,0.0195,0.0798,5.99,-0.03
anthracnose1148_.jpg,14.47,49.55,31.18,7.39,17.02,35.82,0.0401,0.0153,0.0398,2.48,0.03
anthracnose1149_.jpg,14.36,45.95,31.51,7.78,13.29,36.9,0.0455,0.0221,0.0458,2.34,-0.03
anthracnose1150_.jpg,14.23,93.38,28.43,5.76,37.0,32.45,0.0615,0.0311,0.0619,3.04,-0.04
anthracnose1151_.jpg,14.35,37.91,32.34,8.23,6.98,39.69,0.0462,0.0234,0.0466,2.28,-0.04
anthracnose1152_.jpg,14.16,80.01,29.1,6.3,20.69,34.97,0.0735,0.0298,0.0743,4.37,-0.08
anthracnose1153_.jpg,14.47,38.55,32.27,7.64,17.15,35.79,0.0222,0.0044,0.0208,1.78,0.14
anthracnose1154_.jpg,14.3,85.79,28.8,6.02,32.37,33.03,0.0623,0.0286,0.0638,3.37,-0.15
anthracnose1155_.jpg,14.38,62.33,30.18,6.45,22.73,34.56,0.0499,0.0241,0.0507,2.59,-0.08
anthracnose1156_.jpg,14.5,28.06,33.65,8.93,9.71,38.26,0.0225,0.0079,0.0229,1.46,-0.04
anthracnose1157_.jpg,14.51,7.16,39.58,12.71,1.73,45.76,0.0083,0.0078,0.0085,0.05,-0.01
anthracnose1158_.jpg,14.35,113.64,27.58,6.15,21.39,34.83,0.1132,0.0592,0.1144,5.4,-0.12
anthracnose1159_.jpg,14.42,76.34,29.3,6.89,8.23,38.98,0.124,0.0502,0.1242,7.38,-0.03
anthracnose1160_.jpg,14.45,95.41,28.33,6.44,23.88,34.35,0.1102,0.0148,0.1098,9.54,0.05
anthracnose1161_.jpg,14.49,39.45,32.17,8.31,3.43,42.77,0.082,0.043,0.0835,3.91,-0.15
anthracnose1162_.jpg,14.5,23.99,34.33,10.41,8.52,38.83,0.0178,0.0081,0.0177,0.96,0.01
anthracnose1163_.jpg,14.51,29.18,33.48,9.7,8.73,38.72,0.0346,0.0078,0.0345,2.68,0.01
anthracnose1164_.jpg,14.43,40.19,32.09,9.72,11.27,37.61,0.0432,0.0102,0.0417,3.3,0.14
anthracnose1165_.jpg,14.49,47.21,31.39,8.75,17.68,35.66,0.0446,0.0096,0.0458,3.5,-0.12
anthracnose1166_.jpg,14.47,34.74,32.72,10.25,11.52,37.52,0.0283,0.0101,0.0274,1.82,0.08
anthracnose1167_.jpg,14.51,14.23,36.6,12.87,3.77,42.36,0.0167,0.0066,0.0155,1.01,0.12
anthracnose1168_.jpg,14.49,30.55,33.28,10.03,10.31,38.0,0.0288,0.0085,0.0281,2.02,0.07
anthracnose1169_.jpg,14.5,48.12,31.31,8.47,16.93,35.84,0.0477,0.0078,0.0464,3.99,0.13
anthracnose1170_.jpg,14.49,26.48,33.9,10.23,5.68,40.58,0.0432,0.0097,0.0397,3.34,0.34
anthracnose1171_.jpg,14.42,18.19,35.53,12.09,4.6,41.5,0.0219,0.0141,0.021,0.78,0.09
anthracnose1172_.jpg,14.49,17.53,35.69,12.75,6.5,40.0,0.0202,0.0079,0.0194,1.23,0.08
anthracnose1173_.jpg,14.51,11.31,37.6,11.78,3.08,43.25,0.0105,0.007,0.0103,0.36,0.02
anthracnose1174_.jpg,14.48,31.22,33.19,10.45,10.3,38.0,0.0264,0.007,0.0233,1.94,0.31
anthracnose1175_.jpg,14.49,28.17,33.63,10.19,7.33,39.48,0.0238,0.0105,0.0226,1.33,0.12
anthracnose1176_.jpg,14.48,30.72,33.26,11.19,9.59,38.31,0.0228,0.0089,0.0228,1.39,-0.01
anthracnose1177_.jpg,14.51,10.38,37.97,12.74,2.21,44.68,0.0085,0.0068,0.0088,0.17,-0.03
anthracnose1178_.jpg,14.51,32.05,33.07,9.07,12.83,37.05,0.032,0.0049,0.0315,2.71,0.06
anthracnose1179_.jpg,14.49,30.13,33.34,10.56,11.68,37.46,0.0237,0.0087,0.0239,1.5,-0.02
anthracnose1180_.jpg,14.44,24.07,34.32,12.21,7.73,39.25,0.0215,0.0106,0.0203,1.1,0.12
anthracnose1181_.jpg,14.42,45.01,31.6,9.15,13.37,36.87,0.0444,0.0143,0.0439,3.01,0.05
anthracnose1182_.jpg,14.44,39.42,32.17,9.21,11.95,37.36,0.0366,0.0111,0.0375,2.55,-0.09
anthracnose1183_.jpg,14.47,53.45,30.85,8.69,19.73,35.18,0.0438,0.0124,0.044,3.14,-0.02
anthracnose1184_.jpg,14.44,38.4,32.29,10.0,11.34,37.58,0.0357,0.0094,0.0346,2.64,0.11
anthracnose1185_.jpg,14.48,50.65,31.09,8.57,16.91,35.85,0.0509,0.0136,0.0504,3.73,0.05
anthracnose1186_.jpg,14.49,37.13,32.43,9.36,12.27,37.24,0.0416,0.0103,0.0381,3.13,0.35
anthracnose1187_.jpg,14.45,45.92,31.51,8.89,16.4,35.98,0.0418,0.0114,0.0418,3.04,0.0
anthracnose1188_.jpg,14.48,30.32,33.31,9.73,7.55,39.35,0.0364,0.0125,0.0352,2.39,0.12
anthracnose1189_.jpg,14.43,20.43,35.03,12.74,8.01,39.09,0.0128,0.0052,0.0141,0.76,-0.13
anthracnose1190_.jpg,14.5,28.58,33.57,9.78,8.79,38.69,0.0278,0.0102,0.0276,1.76,0.02
anthracnose1191_.jpg,14.49,35.64,32.61,9.58,13.1,36.96,0.0346,0.0082,0.0344,2.64,0.03
anthracnose1192_.jpg,14.48,36.59,32.5,9.23,11.91,37.37,0.0333,0.0088,0.0336,2.45,-0.02
anthracnose1193_.jpg,14.49,29.59,33.42,10.97,9.21,38.49,0.0306,0.0096,0.0308,2.1,-0.02
anthracnose1194_.jpg,14.51,23.42,34.43,10.19,6.52,39.99,0.0203,0.0104,0.0211,1.0,-0.07
anthracnose1195_.jpg,14.48,30.36,33.31,10.22,10.91,37.75,0.0227,0.0086,0.021,1.41,0.16
anthracnose1196_.jpg,14.5,25.68,34.03,10.58,9.47,38.37,0.0208,0.0084,0.0176,1.23,0.32
anthracnose1197_.jpg,14.47,21.01,34.91,10.62,6.07,40.3,0.0246,0.009,0.0236,1.56,0.1
anthracnose1198_.jpg,14.47,44.83,31.62,8.49,15.86,36.13,0.0462,0.0079,0.046,3.83,0.02
anthracnose1199_.jpg,14.48,42.28,31.87,8.57,13.35,36.87,0.0509,0.012,0.049,3.88,0.18
anthracnose1200_.jpg,14.51,25.87,34.0,9.19,7.96,39.12,0.028,0.0057,0.0248,2.23,0.32
anthracnose1201_.jpg,14.51,28.19,33.63,9.03,7.28,39.51,0.0432,0.0128,0.0409,3.04,0.24
anthracnose1202_.jpg,14.51,32.76,32.98,9.4,10.79,37.8,0.0328,0.0099,0.0332,2.29,-0.04
anthracnose1203_.jpg,14.48,64.0,30.07,7.82,22.08,34.69,0.0469,0.0127,0.0484,3.42,-0.16
anthracnose1204_.jpg,14.51,21.56,34.79,10.76,5.72,40.56,0.0237,0.0054,0.0242,1.83,-0.05
anthracnose1205_.jpg,14.48,23.91,34.35,11.2,4.33,41.77,0.0315,0.0098,0.0303,2.16,0.12
anthracnose1206_.jpg,14.5,23.31,34.45,10.67,4.74,41.37,0.0295,0.0085,0.0277,2.1,0.18
anthracnose1207_.jpg,14.5,20.24,35.07,11.09,4.71,41.4,0.0219,0.0099,0.0206,1.2,0.13
anthracnose1208_.jpg,14.49,40.78,32.03,8.61,13.04,36.98,0.0405,0.0109,0.0391,2.96,0.14
anthracnose1209_.jpg,14.49,26.57,33.89,11.2,9.21,38.49,0.0232,0.0086,0.0213,1.46,0.19
anthracnose1210_.jpg,14.5,12.29,37.24,14.21,3.73,42.42,0.0148,0.0074,0.0139,0.75,0.09
anthracnose1211_.jpg,14.51,9.35,38.42,13.78,2.55,44.07,0.0055,0.0051,0.0054,0.05,0.02
anthracnose1212_.jpg,14.51,3.62,42.54,15.97,1.37,46.75,0.006,0.0054,0.0057,0.06,0.03
anthracnose1213_.jpg,14.51,6.54,39.97,12.58,2.57,44.04,0.0077,0.0044,0.0075,0.33,0.02
anthracnose1214_.jpg,14.54,22.94,34.52,16.23,4.47,41.63,0.0234,0.0123,0.0228,1.1,0.06
anthracnose1215_.jpg,15.51,55.28,30.71,10.2,4.49,41.61,0.0423,0.0336,0.0414,0.87,0.09
anthracnose1216_.jpg,14.71,96.44,28.29,7.41,13.99,36.67,0.091,0.0544,0.0898,3.65,0.12
anthracnose1217_.jpg,16.14,29.81,33.39,16.14,2.59,44.0,0.0098,0.0084,0.0098,0.14,0.01
anthracnose1218_.jpg,15.99,33.14,32.93,15.1,4.17,41.93,0.0098,0.0095,0.0099,0.04,-0.01
anthracnose1219_.jpg,14.56,31.06,33.21,11.64,8.8,38.68,0.0245,0.012,0.0236,1.25,0.09
anthracnose1220_.jpg,15.08,61.88,30.22,9.24,14.03,36.66,0.0337,0.0136,0.0326,2.01,0.1
anthracnose1221_.jpg,15.03,47.6,31.35,10.64,12.42,37.19,0.0224,0.0112,0.0217,1.12,0.07
anthracnose1222_.jpg,15.29,38.98,32.22,12.0,9.1,38.54,0.016,0.0092,0.0156,0.68,0.03
anthracnose1223_.jpg,14.95,43.95,31.7,11.04,13.44,36.85,0.0267,0.0103,0.0278,1.64,-0.1
anthracnose1224_.jpg,14.62,35.28,32.66,11.03,11.34,37.58,0.0228,0.0097,0.0225,1.31,0.03
anthracnose1225_.jpg,15.31,57.07,30.57,10.56,12.21,37.26,0.0341,0.0119,0.0332,2.23,0.09
anthracnose1226_.jpg,14.79,29.57,33.42,12.01,7.34,39.47,0.0166,0.0093,0.0165,0.74,0.01
anthracnose1227_.jpg,14.46,43.89,31.71,9.17,10.38,37.97,0.0433,0.0158,0.043,2.75,0.03
anthracnose1228_.jpg,19.08,40.85,32.02,14.47,3.08,43.24,0.0089,0.0081,0.0088,0.08,0.01
anthracnose1229_.jpg,17.42,27.34,33.76,16.73,2.38,44.37,0.0066,0.0058,0.0065,0.08,0.0
anthracnose1230_.jpg,18.99,37.85,32.35,16.36,2.47,44.21,0.0074,0.0069,0.0074,0.04,-0.0
anthracnose1231_.jpg,14.73,66.66,29.89,9.23,15.81,36.14,0.0417,0.0204,0.0417,2.13,0.0
anthracnose1232_.jpg,14.62,66.16,29.92,9.92,17.69,35.65,0.0404,0.0199,0.042,2.06,-0.15
anthracnose1233_.jpg,14.63,61.64,30.23,9.45,12.55,37.14,0.0401,0.0234,0.0403,1.67,-0.03
anthracnose1234_.jpg,14.51,1.75,45.71,16.62,1.3,46.99,0.0029,0.0026,0.0024,0.03,0.06
anthracnose1235_.jpg,14.5,27.11,33.8,9.81,7.02,39.67,0.029,0.0091,0.028,1.99,0.1
anthracnose1236_.jpg,14.51,12.51,37.16,12.86,4.01,42.1,0.0129,0.0037,0.0124,0.91,0.05
anthracnose1237_.jpg,14.5,28.24,33.62,10.74,9.22,38.48,0.0235,0.0058,0.0241,1.77,-0.06
anthracnose1238_.jpg,14.51,17.11,35.8,11.89,3.9,42.22,0.0246,0.0092,0.0231,1.54,0.15
anthracnose1239_.jpg,14.47,30.36,33.31,10.35,9.12,38.53,0.0336,0.0095,0.0325,2.41,0.11
anthracnose1240_.jpg,14.49,36.92,32.46,9.8,14.9,36.4,0.0189,0.0083,0.0185,1.06,0.05
anthracnose1241_.jpg,14.47,38.06,32.33,10.28,8.61,38.78,0.0366,0.0127,0.0364,2.39,0.02
anthracnose1242_.jpg,14.59,18.35,35.5,13.97,3.32,42.92,0.013,0.0086,0.0121,0.45,0.09
anthracnose1243_.jpg,14.45,43.71,31.72,10.9,10.51,37.92,0.0377,0.016,0.0377,2.16,0.0
anthracnose1244_.jpg,14.5,50.62,31.09,10.64,13.47,36.84,0.0418,0.0149,0.0424,2.69,-0.06
anthracnose1245_.jpg,14.56,44.26,31.67,11.28,11.3,37.6,0.0432,0.015,0.0429,2.82,0.03
anthracnose1246_.jpg,14.8,44.63,31.63,11.82,9.18,38.5,0.0243,0.016,0.0243,0.83,0.0
anthracnose1247_.jpg,14.53,56.09,30.64,11.02,14.23,36.6,0.0429,0.0159,0.044,2.7,-0.11
anthracnose1248_.jpg,14.51,64.92,30.01,9.53,15.8,36.14,0.0578,0.0195,0.0571,3.83,0.07
anthracnose1249_.jpg,14.39,75.99,29.32,8.9,17.93,35.6,0.0666,0.0245,0.0667,4.22,-0.0
anthracnose1250_.jpg,14.47,68.53,29.77,10.24,17.61,35.67,0.0488,0.0166,0.0499,3.22,-0.11
anthracnose1251_.jpg,14.44,79.33,29.14,6.64,33.23,32.91,0.0512,0.0097,0.0524,4.15,-0.12
anthracnose1252_.jpg,15.02,30.72,33.26,12.71,6.32,40.12,0.016,0.0076,0.0164,0.85,-0.04
anthracnose1253_.jpg,16.13,20.35,35.05,20.03,1.34,46.87,0.0052,0.0047,0.0051,0.05,0.01
anthracnose1254_.jpg,18.35,55.51,30.69,19.16,1.61,46.06,0.0061,0.0057,0.0062,0.05,-0.01
anthracnose1255_.jpg,14.49,66.77,29.88,8.09,14.0,36.67,0.0584,0.0357,0.0589,2.26,-0.05
anthracnose1256_.jpg,14.66,48.54,31.27,9.95,9.8,38.22,0.0363,0.0272,0.036,0.91,0.03
anthracnose1257_.jpg,14.48,27.58,33.72,9.91,9.62,38.3,0.0243,0.0099,0.0235,1.44,0.08
anthracnose1258_.jpg,14.51,14.03,36.66,12.04,4.64,41.47,0.0166,0.0079,0.0159,0.87,0.07
anthracnose1259_.jpg,14.43,48.09,31.31,8.64,16.64,35.92,0.0397,0.0128,0.0395,2.69,0.02
anthracnose1260_.jpg,14.5,49.7,31.17,8.31,17.65,35.66,0.0435,0.0108,0.0441,3.26,-0.06
anthracnose1261_.jpg,14.5,15.24,36.3,11.65,3.89,42.23,0.0179,0.0048,0.0167,1.3,0.12
anthracnose1262_.jpg,14.6,26.35,33.92,11.16,10.38,37.97,0.0151,0.007,0.0141,0.81,0.1
anthracnose1263_.jpg,15.25,142.36,26.6,5.28,44.06,31.69,0.0899,0.0377,0.0944,5.22,-0.45
anthracnose1264_.jpg,14.53,97.67,28.23,5.97,36.32,32.53,0.0601,0.0181,0.0616,4.21,-0.14
anthracnose1265_.jpg,17.91,99.88,28.14,8.46,9.16,38.51,0.0398,0.0213,0.0404,1.84,-0.07
anthracnose1266_.jpg,15.85,50.52,31.1,8.93,6.09,40.29,0.0271,0.0124,0.0265,1.47,0.06
anthracnose1267_.jpg,14.82,54.02,30.8,7.18,20.89,34.93,0.0378,0.0093,0.0355,2.86,0.23
anthracnose1268_.jpg,14.65,50.56,31.09,7.14,20.91,34.93,0.0376,0.0081,0.0362,2.95,0.14
anthracnose1269_.jpg,14.91,67.15,29.86,7.05,23.68,34.39,0.0364,0.0192,0.0355,1.72,0.09
anthracnose1270_.jpg,15.06,76.97,29.27,6.87,26.59,33.88,0.0375,0.02,0.0395,1.75,-0.21
anthracnose1271_.jpg,14.54,31.54,33.14,8.73,8.73,38.72,0.0244,0.014,0.0243,1.04,0.01
anthracnose1272_.jpg,14.78,17.51,35.7,9.82,3.73,42.41,0.0118,0.0044,0.0119,0.74,-0.01
anthracnose1273_.jpg,14.83,29.88,33.38,8.57,10.05,38.11,0.0245,0.0023,0.0236,2.21,0.08
anthracnose1274_.jpg,15.08,61.61,30.23,6.86,24.49,34.24,0.037,0.0075,0.0383,2.95,-0.12
anthracnose1275_.jpg,15.59,76.87,29.27,6.64,30.67,33.26,0.0321,0.0087,0.0339,2.34,-0.17
anthracnose1276_.jpg,15.23,51.79,30.99,7.52,19.91,35.14,0.0246,0.0097,0.0241,1.49,0.04
anthracnose1277_.jpg,15.61,55.2,30.71,7.63,19.23,35.29,0.0258,0.0096,0.0242,1.62,0.16
anthracnose1278_.jpg,14.48,23.19,34.48,8.69,7.43,39.42,0.023,0.0125,0.0227,1.05,0.03
anthracnose1279_.jpg,14.86,44.69,31.63,7.03,16.6,35.93,0.0352,0.0099,0.0352,2.54,0.0
anthracnose1280_.jpg,14.61,31.55,33.14,7.57,10.28,38.01,0.0344,0.0145,0.0333,1.99,0.11
anthracnose1281_.jpg,14.47,40.0,32.11,7.71,14.41,36.54,0.0329,0.0119,0.0334,2.1,-0.05
anthracnose1282_.jpg,14.78,44.83,31.62,7.66,19.92,35.14,0.0233,0.0073,0.0238,1.6,-0.05
anthracnose1283_.jpg,14.83,60.12,30.34,7.1,23.88,34.35,0.0347,0.0135,0.0345,2.12,0.02
anthracnose1284_.jpg,14.88,60.92,30.28,6.99,25.92,33.99,0.0342,0.0102,0.0348,2.4,-0.07
anthracnose1285_.jpg,14.51,16.31,36.01,10.34,5.39,40.82,0.0159,0.0023,0.0161,1.36,-0.02
anthracnose1286_.jpg,14.5,36.41,32.52,8.07,10.74,37.82,0.0387,0.0063,0.0376,3.24,0.11
anthracnose1287_.jpg,14.5,21.22,34.86,9.34,6.14,40.25,0.0245,0.0045,0.0233,2.01,0.12
anthracnose1288_.jpg,14.67,32.23,33.05,9.16,8.26,38.96,0.026,0.0156,0.0244,1.04,0.15
anthracnose1289_.jpg,14.51,26.49,33.9,9.37,9.33,38.43,0.0236,0.0136,0.024,1.0,-0.04
anthracnose1290_.jpg,14.49,24.03,34.32,9.64,5.23,40.95,0.025,0.0137,0.0246,1.13,0.04
anthracnose1291_.jpg,14.73,45.12,31.59,8.64,9.14,38.52,0.037,0.0203,0.0364,1.67,0.06
anthracnose1292_.jpg,17.23,84.93,28.84,6.88,25.66,34.04,0.0445,0.019,0.044,2.56,0.05
anthracnose1293_.jpg,19.18,114.39,27.55,6.56,25.6,34.05,0.0639,0.0221,0.0648,4.17,-0.1
anthracnose1294_.jpg,15.7,121.25,27.29,5.85,30.29,33.32,0.0777,0.0279,0.079,4.98,-0.13
anthracnose1295_.jpg,15.01,88.03,28.68,6.89,20.22,35.07,0.0582,0.0215,0.0609,3.67,-0.27
anthracnose1296_.jpg,15.86,115.83,27.49,6.49,26.26,33.94,0.0585,0.0203,0.0599,3.83,-0.13
anthracnose1297_.jpg,18.32,108.58,27.77,6.59,31.9,33.09,0.0491,0.0145,0.0519,3.45,-0.29
anthracnose1298_.jpg,17.09,85.67,28.8,9.94,5.44,40.78,0.0223,0.0147,0.0223,0.76,0.01
anthracnose1299_.jpg,17.06,79.24,29.14,8.87,8.8,38.68,0.0306,0.0127,0.031,1.79,-0.04
anthracnose1300_.jpg,15.88,177.25,25.64,4.87,45.92,31.51,0.1138,0.0377,0.1225,7.61,-0.87
anthracnose1301_.jpg,15.46,100.62,28.1,5.95,36.1,32.56,0.0639,0.0202,0.0638,4.37,0.01
anthracnose1302_.jpg,16.9,105.85,27.88,6.16,33.92,32.83,0.0556,0.0162,0.0569,3.94,-0.13
anthracnose1303_.jpg,14.51,11.59,37.49,10.53,3.33,42.91,0.0146,0.0059,0.0143,0.87,0.03
anthracnose1304_.jpg,14.5,16.12,36.06,9.96,4.65,41.45,0.0173,0.0067,0.0167,1.06,0.06
anthracnose1305_.jpg,15.48,87.78,28.7,7.13,15.4,36.26,0.0504,0.0291,0.0513,2.12,-0.09
anthracnose1306_.jpg,15.22,79.9,29.11,7.43,13.69,36.77,0.0458,0.0286,0.0453,1.72,0.05
anthracnose1307_.jpg,14.71,32.9,32.96,8.82,6.35,40.1,0.0289,0.0174,0.0286,1.15,0.03
anthracnose1308_.jpg,14.43,60.21,30.33,7.19,21.99,34.71,0.0401,0.021,0.0399,1.91,0.03
anthracnose1309_.jpg,14.59,44.76,31.62,7.94,13.78,36.74,0.042,0.0158,0.0418,2.62,0.02
anthracnose1310_.jpg,14.7,59.29,30.4,7.31,17.8,35.63,0.0478,0.018,0.0477,2.99,0.02
anthracnose1311_.jpg,15.5,90.51,28.56,6.72,27.17,33.79,0.0595,0.0168,0.0595,4.27,-0.0
anthracnose1312_.jpg,14.89,41.74,31.93,8.4,9.79,38.22,0.0302,0.015,0.0304,1.52,-0.02
anthracnose1313_.jpg,16.25,145.22,26.51,6.02,19.4,35.25,0.087,0.0645,0.0883,2.24,-0.13
anthracnose1314_.jpg,14.5,94.53,28.38,6.51,20.61,34.99,0.0725,0.0349,0.0742,3.76,-0.17
anthracnose1315_.jpg,16.11,153.36,26.27,5.68,41.88,31.91,0.0709,0.0213,0.0746,4.96,-0.37
anthracnose1316_.jpg,15.09,150.41,26.36,5.28,44.25,31.67,0.0824,0.0232,0.0847,5.92,-0.24
anthracnose1317_.jpg,19.7,196.81,25.19,5.74,28.06,33.65,0.106,0.061,0.1088,4.5,-0.29
anthracnose1318_.jpg,18.87,157.41,26.16,6.18,21.62,34.78,0.0954,0.0591,0.098,3.63,-0.26
anthracnose1319_.jpg,17.14,147.24,26.45,6.57,16.34,36.0,0.0854,0.0594,0.0869,2.6,-0.15
anthracnose1320_.jpg,15.36,114.14,27.56,6.48,17.41,35.72,0.0842,0.0536,0.0843,3.06,-0.01
anthracnose1321_.jpg,14.25,73.92,29.44,6.38,26.17,33.95,0.0488,0.0223,0.05,2.65,-0.12
anthracnose1322_.jpg,14.49,105.78,27.89,5.42,35.37,32.64,0.0828,0.0198,0.087,6.3,-0.43
anthracnose1323_.jpg,14.43,96.22,28.3,5.88,28.69,33.55,0.0759,0.0305,0.0788,4.55,-0.29
anthracnose1324_.jpg,14.65,78.88,29.16,6.0,26.77,33.85,0.0673,0.0195,0.0691,4.78,-0.19
anthracnose1325_.jpg,14.2,74.42,29.41,6.36,20.95,34.92,0.0673,0.0368,0.0694,3.05,-0.21
anthracnose1326_.jpg,14.5,34.72,32.73,7.43,9.94,38.16,0.0339,0.0107,0.034,2.33,-0.01
anthracnose1327_.jpg,14.46,46.12,31.49,7.28,16.22,36.03,0.0348,0.0125,0.0338,2.23,0.1
anthracnose1328_.jpg,14.49,54.54,30.76,6.68,13.91,36.7,0.0479,0.022,0.0492,2.59,-0.13
anthracnose1329_.jpg,14.51,67.88,29.81,6.32,18.03,35.57,0.0578,0.0212,0.0575,3.66,0.03
anthracnose1330_.jpg,14.71,92.95,28.45,6.03,33.99,32.82,0.0558,0.0187,0.0584,3.71,-0.25
anthracnose1331_.jpg,14.77,87.0,28.74,6.22,30.19,33.33,0.0553,0.0179,0.0592,3.74,-0.39
anthracnose1332_.jpg,14.38,84.68,28.85,6.1,25.08,34.14,0.069,0.0275,0.0702,4.15,-0.12
anthracnose1333_.jpg,14.12,131.89,26.93,5.2,39.46,32.17,0.0999,0.0389,0.106,6.1,-0.61
anthracnose1334_.jpg,14.43,81.22,29.03,6.08,22.2,34.67,0.0711,0.023,0.073,4.81,-0.19
anthracnose1335_.jpg,14.57,18.43,35.48,9.72,3.21,43.07,0.0224,0.0131,0.0216,0.93,0.08
anthracnose1336_.jpg,14.49,100.64,28.1,5.51,37.34,32.41,0.0772,0.0175,0.0782,5.97,-0.1
anthracnose1337_.jpg,14.44,115.49,27.51,5.21,42.49,31.85,0.0912,0.0168,0.0978,7.44,-0.66
anthracnose1338_.jpg,14.46,104.95,27.92,5.42,38.31,32.3,0.0838,0.0172,0.0818,6.66,0.21
anthracnose1339_.jpg,14.92,83.29,28.93,6.32,27.41,33.75,0.0514,0.0126,0.0525,3.89,-0.1
anthracnose1340_.jpg,14.33,112.93,27.6,5.41,36.72,32.48,0.0955,0.0245,0.0998,7.1,-0.43
anthracnose1341_.jpg,14.46,106.93,27.84,5.57,33.99,32.82,0.0903,0.0218,0.094,6.85,-0.37
anthracnose1342_.jpg,14.6,66.16,29.93,6.38,13.55,36.81,0.0742,0.037,0.0744,3.72,-0.02
anthracnose1343_.jpg,14.56,188.1,25.39,4.64,52.3,30.95,0.1473,0.0406,0.1563,10.67,-0.89
anthracnose1344_.jpg,14.89,108.0,27.8,5.71,27.31,33.77,0.1027,0.0266,0.1057,7.61,-0.3
anthracnose1345_.jpg,15.08,118.98,27.38,5.54,30.46,33.29,0.1077,0.0256,0.1115,8.21,-0.39
anthracnose1346_.jpg,14.26,96.13,28.3,6.17,19.17,35.3,0.0836,0.0598,0.0837,2.38,-0.01
anthracnose1347_.jpg,14.07,121.15,27.3,5.53,23.46,34.43,0.0923,0.0677,0.094,2.47,-0.17
anthracnose1348_.jpg,14.11,140.88,26.64,5.59,31.42,33.16,0.092,0.0639,0.094,2.81,-0.2
anthracnose1349_.jpg,14.19,110.4,27.7,5.96,21.51,34.8,0.0876,0.0614,0.0891,2.62,-0.15
anthracnose1350_.jpg,14.65,47.75,31.34,8.1,8.59,38.79,0.0484,0.0324,0.0478,1.59,0.06
anthracnose1351_.jpg,14.76,79.12,29.15,6.74,13.94,36.69,0.0714,0.0479,0.0716,2.35,-0.02
anthracnose1352_.jpg,14.51,21.56,34.79,9.5,6.02,40.33,0.0299,0.0093,0.0286,2.06,0.14
anthracnose1353_.jpg,14.47,21.23,34.86,9.43,6.38,40.08,0.0202,0.0076,0.0204,1.26,-0.02
anthracnose1354_.jpg,14.51,27.99,33.66,9.02,8.78,38.69,0.033,0.0069,0.0335,2.62,-0.05
anthracnose1355_.jpg,14.47,89.33,28.62,5.97,39.85,32.13,0.0516,0.015,0.0544,3.66,-0.28
anthracnose1356_.jpg,14.4,45.41,31.56,7.84,11.15,37.66,0.0427,0.0217,0.0441,2.1,-0.14
anthracnose1357_.jpg,14.4,81.99,28.99,6.11,23.46,34.43,0.0743,0.0296,0.0754,4.47,-0.11
anthracnose1358_.jpg,14.44,80.77,29.06,5.94,21.49,34.81,0.0787,0.0291,0.0786,4.95,0.0
anthracnose1359_.jpg,14.4,87.36,28.72,6.11,24.95,34.16,0.0749,0.0262,0.077,4.87,-0.21
anthracnose1360_.jpg,14.37,96.91,28.27,5.77,32.35,33.03,0.0749,0.0228,0.0766,5.21,-0.17
anthracnose1361_.jpg,14.53,97.4,28.25,5.83,33.18,32.92,0.0735,0.0232,0.0791,5.02,-0.56
anthracnose1362_.jpg,14.63,44.88,31.61,7.01,12.45,37.18,0.0504,0.013,0.0485,3.74,0.19
anthracnose1363_.jpg,14.66,82.28,28.98,6.05,23.87,34.35,0.0807,0.0204,0.0807,6.03,-0.0
anthracnose1364_.jpg,14.52,84.54,28.86,5.76,30.47,33.29,0.08,0.0194,0.0828,6.07,-0.27
anthracnose1365_.jpg,14.43,63.12,30.13,6.6,18.1,35.56,0.0631,0.0209,0.0648,4.22,-0.17
anthracnose1366_.jpg,14.42,95.34,28.34,5.93,30.32,33.31,0.0823,0.0236,0.0844,5.86,-0.21
anthracnose1367_.jpg,14.44,101.19,28.08,5.78,32.37,33.03,0.0864,0.0244,0.0914,6.2,-0.5
anthracnose1368_.jpg,14.36,48.35,31.29,6.87,10.89,37.76,0.0558,0.0229,0.0567,3.3,-0.09
anthracnose1369_.jpg,14.34,72.24,29.54,6.27,23.31,34.46,0.0687,0.0248,0.0715,4.39,-0.28
anthracnose1370_.jpg,14.38,74.01,29.44,6.34,24.41,34.26,0.0637,0.0229,0.0658,4.08,-0.2
anthracnose1371_.jpg,14.42,84.05,28.89,6.18,27.08,33.8,0.0705,0.0243,0.074,4.62,-0.35
anthracnose1372_.jpg,14.51,20.72,34.97,8.79,7.64,39.3,0.017,0.0064,0.0162,1.06,0.08
anthracnose1373_.jpg,14.54,35.34,32.65,7.72,14.54,36.51,0.026,0.0099,0.0261,1.61,-0.01
anthracnose1374_.jpg,14.55,30.61,33.27,8.0,11.75,37.43,0.0232,0.0094,0.0227,1.38,0.05
anthracnose1375_.jpg,14.64,81.3,29.03,6.35,13.98,36.67,0.0834,0.0381,0.084,4.53,-0.07
anthracnose1376_.jpg,14.34,133.56,26.87,5.16,34.66,32.73,0.1213,0.0472,0.125,7.41,-0.36
anthracnose1377_.jpg,14.43,111.77,27.65,5.57,24.8,34.19,0.1044,0.0476,0.1029,5.68,0.15
anthracnose1378_.jpg,14.48,42.03,31.9,8.08,11.24,37.62,0.0387,0.0127,0.0381,2.6,0.06
anthracnose1379_.jpg,14.5,33.25,32.91,8.83,10.32,37.99,0.0277,0.0079,0.0277,1.98,0.0
anthracnose1380_.jpg,14.53,54.06,30.8,6.94,22.15,34.68,0.0369,0.0145,0.0373,2.24,-0.04
anthracnose1381_.jpg,14.53,61.28,30.26,6.66,26.12,33.96,0.0415,0.0151,0.0411,2.64,0.04
anthracnose1382_.jpg,14.61,40.84,32.02,8.33,15.1,36.34,0.0232,0.0143,0.0228,0.89,0.04
anthracnose1383_.jpg,14.6,49.72,31.17,7.88,17.82,35.62,0.0245,0.0099,0.0241,1.46,0.04
anthracnose1384_.jpg,14.5,50.94,31.06,7.69,18.96,35.35,0.026,0.0108,0.0256,1.52,0.04
anthracnose1385_.jpg,14.51,65.13,29.99,6.47,28.39,33.6,0.0448,0.0098,0.0466,3.5,-0.18
anthracnose1386_.jpg,14.41,56.73,30.59,7.15,17.64,35.67,0.0401,0.0165,0.041,2.36,-0.09
anthracnose1387_.jpg,14.89,74.85,29.39,6.23,27.84,33.68,0.0503,0.0212,0.0525,2.91,-0.23
anthracnose1388_.jpg,15.2,130.7,26.97,5.16,45.24,31.58,0.0919,0.0249,0.0992,6.69,-0.73
anthracnose1389_.jpg,15.2,97.79,28.23,5.86,32.2,33.05,0.0707,0.0225,0.0713,4.83,-0.06
anthracnose1390_.jpg,15.29,101.15,28.08,5.8,33.14,32.93,0.0718,0.0232,0.0728,4.86,-0.1
anthracnose1391_.jpg,15.87,72.24,29.54,6.77,20.48,35.02,0.0434,0.022,0.0434,2.14,0.0
anthracnose1392_.jpg,16.3,77.8,29.22,6.74,20.09,35.1,0.0501,0.026,0.0494,2.42,0.07
anthracnose1393_.jpg,15.84,82.02,28.99,6.4,23.82,34.36,0.0497,0.0245,0.0528,2.52,-0.31
anthracnose1394_.jpg,14.65,154.46,26.24,4.81,54.28,30.78,0.1154,0.0283,0.1218,8.71,-0.64
anthracnose1395_.jpg,14.8,168.76,25.86,4.67,56.83,30.59,0.1198,0.0266,0.1289,9.32,-0.9
anthracnose1396_.jpg,14.54,133.9,26.86,4.95,48.57,31.27,0.0998,0.0233,0.1074,7.65,-0.76
anthracnose1397_.jpg,15.02,101.37,28.07,5.7,36.67,32.49,0.0604,0.0231,0.0629,3.73,-0.25
anthracnose1398_.jpg,15.13,65.11,29.99,6.61,17.48,35.71,0.0491,0.0238,0.0498,2.54,-0.07
anthracnose1399_.jpg,15.0,83.93,28.89,6.02,27.87,33.68,0.0556,0.024,0.0565,3.16,-0.09
anthracnose1400_.jpg,14.92,87.11,28.73,5.91,30.29,33.32,0.062,0.0283,0.0635,3.38,-0.15
anthracnose1401_.jpg,14.46,75.38,29.36,6.89,25.71,34.03,0.0556,0.0149,0.057,4.07,-0.14
anthracnose1402_.jpg,14.47,97.18,28.26,5.89,33.36,32.9,0.0711,0.0218,0.0735,4.93,-0.24
anthracnose1403_.jpg,14.82,28.87,33.53,9.79,6.19,40.21,0.0252,0.0075,0.0248,1.77,0.04
anthracnose1404_.jpg,14.63,41.81,31.92,8.74,12.18,37.28,0.0348,0.0127,0.035,2.21,-0.02
anthracnose1405_.jpg,14.71,33.81,32.84,9.34,9.5,38.35,0.0311,0.0086,0.0305,2.25,0.06
anthracnose1406_.jpg,14.93,30.57,33.28,10.16,7.5,39.38,0.0217,0.0092,0.0214,1.26,0.03
anthracnose1407_.jpg,15.22,72.22,29.54,6.4,25.5,34.06,0.041,0.0138,0.0414,2.72,-0.03
anthracnose1408_.jpg,14.44,87.02,28.73,5.89,39.69,32.14,0.0522,0.0144,0.0544,3.79,-0.22
anthracnose1409_.jpg,14.23,83.31,28.92,6.97,12.03,37.33,0.0591,0.048,0.0588,1.11,0.03
anthracnose1410_.jpg,14.36,83.48,28.91,6.45,27.38,33.76,0.0612,0.0252,0.0623,3.6,-0.11
anthracnose1411_.jpg,14.52,33.68,32.86,8.16,7.93,39.14,0.0325,0.0186,0.0326,1.39,-0.01
anthracnose1412_.jpg,14.41,70.16,29.67,6.81,22.54,34.6,0.054,0.0236,0.0554,3.04,-0.14
anthracnose1413_.jpg,14.4,68.0,29.81,7.08,19.85,35.15,0.056,0.0291,0.0554,2.69,0.06
anthracnose1414_.jpg,14.53,47.32,31.38,8.41,12.32,37.22,0.0523,0.0242,0.0525,2.8,-0.02
anthracnose1415_.jpg,14.75,59.08,30.42,7.37,16.77,35.88,0.0592,0.0214,0.06,3.79,-0.08
anthracnose1416_.jpg,14.53,33.93,32.83,8.05,10.85,37.78,0.0239,0.0119,0.0232,1.2,0.07
anthracnose1417_.jpg,14.61,22.27,34.65,10.44,4.85,41.28,0.0155,0.0095,0.0152,0.6,0.03
anthracnose1418_.jpg,14.5,16.28,36.01,10.1,4.66,41.45,0.0172,0.0091,0.0163,0.81,0.09
anthracnose1419_.jpg,14.47,24.27,34.28,9.4,6.93,39.72,0.0198,0.0092,0.0189,1.07,0.1
anthracnose1420_.jpg,14.43,70.75,29.63,6.72,24.42,34.25,0.0579,0.0133,0.0589,4.46,-0.1
anthracnose1421_.jpg,14.66,87.41,28.72,6.37,29.05,33.5,0.0636,0.0143,0.0665,4.93,-0.29
anthracnose1422_.jpg,14.39,62.39,30.18,7.2,22.6,34.59,0.0385,0.0162,0.0394,2.22,-0.09
anthracnose1423_.jpg,14.37,66.98,29.87,7.04,24.85,34.18,0.0399,0.0166,0.0429,2.33,-0.3
anthracnose1424_.jpg,14.45,43.79,31.72,7.91,13.81,36.73,0.0417,0.0186,0.0423,2.31,-0.05
anthracnose1425_.jpg,14.5,51.4,31.02,7.52,17.07,35.81,0.045,0.0152,0.0448,2.98,0.02
anthracnose1426_.jpg,14.48,53.33,30.86,7.27,18.6,35.44,0.0478,0.0164,0.0478,3.14,-0.0
anthracnose1427_.jpg,14.44,48.54,31.27,7.64,18.36,35.49,0.0326,0.0168,0.0332,1.58,-0.06
anthracnose1428_.jpg,14.46,27.2,33.79,9.32,6.33,40.11,0.0324,0.0175,0.0326,1.49,-0.02
anthracnose1429_.jpg,14.46,29.77,33.39,9.11,8.57,38.8,0.0253,0.0082,0.026,1.71,-0.06
anthracnose1430_.jpg,14.48,34.74,32.72,8.64,7.75,39.24,0.0405,0.012,0.0406,2.85,-0.0
anthracnose1431_.jpg,14.4,71.34,29.6,6.34,21.57,34.79,0.0571,0.0311,0.0583,2.6,-0.12
anthracnose1432_.jpg,14.45,41.48,31.95,7.7,12.74,37.08,0.0336,0.0237,0.0325,0.99,0.12
anthracnose1433_.jpg,14.48,49.05,31.22,7.35,13.32,36.89,0.0391,0.0243,0.0386,1.48,0.06
anthracnose1434_.jpg,14.57,57.86,30.51,6.76,18.83,35.38,0.0454,0.0166,0.0462,2.88,-0.08
anthracnose1435_.jpg,14.46,49.48,31.19,8.45,13.91,36.7,0.0468,0.0179,0.0467,2.89,0.01
anthracnose1436_.jpg,14.47,37.76,32.36,8.23,13.02,36.98,0.0354,0.0157,0.0356,1.98,-0.02
anthracnose1437_.jpg,14.44,42.44,31.85,7.95,15.51,36.22,0.0379,0.0178,0.0366,2.01,0.13
anthracnose1438_.jpg,14.47,19.47,35.24,9.71,7.36,39.46,0.0194,0.0101,0.0199,0.93,-0.05
anthracnose1439_.jpg,14.58,31.66,33.13,8.54,9.44,38.38,0.0319,0.0201,0.032,1.18,-0.01
anthracnose1440_.jpg,14.5,16.56,35.94,10.24,4.4,41.69,0.0248,0.0142,0.0244,1.06,0.04
anthracnose1441_.jpg,14.48,28.99,33.51,8.91,7.92,39.14,0.0322,0.0182,0.0311,1.4,0.11
anthracnose1442_.jpg,14.49,28.85,33.53,8.9,7.39,39.45,0.0314,0.0187,0.0312,1.27,0.02
anthracnose1443_.jpg,14.47,47.22,31.39,7.82,9.62,38.3,0.048,0.0272,0.0471,2.08,0.09
anthracnose1444_.jpg,14.44,29.87,33.38,8.15,8.02,39.09,0.0343,0.0146,0.0344,1.96,-0.02
anthracnose1445_.jpg,14.47,21.83,34.74,9.06,5.43,40.79,0.0271,0.0118,0.0275,1.52,-0.04
anthracnose1446_.jpg,14.48,38.4,32.29,7.94,10.91,37.75,0.0327,0.0152,0.0326,1.76,0.01
anthracnose1447_.jpg,14.46,21.2,34.87,10.31,5.06,41.09,0.0233,0.0106,0.0234,1.28,-0.01
anthracnose1448_.jpg,14.33,59.77,30.37,7.17,17.14,35.79,0.047,0.0274,0.0474,1.95,-0.04
anthracnose1449_.jpg,14.68,53.49,30.85,6.88,14.81,36.43,0.0495,0.0108,0.05,3.87,-0.05
anthracnose1450_.jpg,14.8,95.57,28.33,5.76,32.51,33.01,0.0725,0.0166,0.0756,5.59,-0.31
anthracnose1451_.jpg,14.75,75.58,29.35,6.71,22.05,34.7,0.0556,0.0148,0.0562,4.08,-0.06
anthracnose1452_.jpg,14.98,228.4,24.54,4.84,37.91,32.34,0.1335,0.034,0.134,9.96,-0.05
anthracnose1453_.jpg,14.51,26.56,33.89,10.12,8.62,38.77,0.0332,0.0029,0.0327,3.04,0.05
anthracnose1454_.jpg,14.54,19.35,35.26,10.62,9.63,38.29,0.0066,0.0056,0.0065,0.1,0.01
anthracnose1455_.jpg,14.51,29.11,33.49,9.1,16.89,35.85,0.0079,0.0047,0.0078,0.31,0.01
anthracnose1456_.jpg,14.38,124.26,27.19,5.33,31.9,33.09,0.1104,0.0338,0.1141,7.66,-0.37
anthracnose1457_.jpg,14.36,61.13,30.27,7.39,15.71,36.17,0.0456,0.0242,0.0456,2.14,-0.0
anthracnose1458_.jpg,14.59,62.62,30.16,7.62,22.51,34.61,0.0463,0.0113,0.0475,3.5,-0.12
anthracnose1459_.jpg,14.5,30.93,33.23,9.42,10.46,37.94,0.0271,0.0049,0.0281,2.22,-0.1
anthracnose1460_.jpg,14.52,32.58,33.0,9.09,11.0,37.72,0.0297,0.0063,0.0289,2.34,0.08
anthracnose1461_.jpg,14.52,35.6,32.62,8.91,12.25,37.25,0.0295,0.0047,0.0284,2.47,0.11
anthracnose1462_.jpg,14.51,36.05,32.56,8.6,12.7,37.09,0.0311,0.0047,0.0298,2.64,0.13
anthracnose1463_.jpg,14.5,37.36,32.41,8.48,12.78,37.07,0.034,0.0073,0.0342,2.67,-0.02
anthracnose1464_.jpg,14.51,32.96,32.95,8.35,12.6,37.13,0.0258,0.0118,0.0254,1.4,0.04
anthracnose1465_.jpg,14.7,14.7,36.46,11.48,3.44,42.77,0.0099,0.0035,0.0103,0.64,-0.04
anthracnose1466_.jpg,14.81,76.66,29.29,6.88,27.22,33.78,0.0619,0.0175,0.0652,4.44,-0.33
anthracnose1467_.jpg,14.72,72.23,29.54,6.91,25.93,33.99,0.06,0.0173,0.0624,4.27,-0.24
anthracnose1468_.jpg,14.59,76.32,29.3,7.0,17.73,35.64,0.0541,0.0308,0.0541,2.33,0.0
anthracnose1469_.jpg,14.21,51.89,30.98,7.53,7.94,39.13,0.0485,0.0344,0.047,1.41,0.14
anthracnose1470_.jpg,14.27,90.38,28.57,6.27,28.71,33.55,0.06,0.0279,0.062,3.21,-0.2
anthracnose1471_.jpg,14.44,55.66,30.68,7.33,13.58,36.8,0.0509,0.0259,0.0511,2.5,-0.01
anthracnose1472_.jpg,14.16,100.18,28.12,6.12,30.61,33.27,0.0641,0.0347,0.0653,2.94,-0.12
anthracnose1473_.jpg,14.21,74.5,29.41,6.84,20.7,34.97,0.0544,0.0303,0.0548,2.41,-0.04
anthracnose1474_.jpg,14.54,23.7,34.38,9.59,7.72,39.26,0.0254,0.0039,0.0256,2.15,-0.01
anthracnose1475_.jpg,14.83,26.01,33.98,10.44,6.04,40.32,0.0222,0.0029,0.0218,1.93,0.04
anthracnose1476_.jpg,16.79,77.85,29.22,7.96,11.04,37.7,0.0511,0.0294,0.0501,2.17,0.11
anthracnose1477_.jpg,15.54,81.7,29.01,7.02,10.29,38.01,0.0608,0.0426,0.0605,1.81,0.03
anthracnose1478_.jpg,14.47,40.18,32.09,8.48,14.69,36.46,0.0322,0.0179,0.0316,1.43,0.05
anthracnose1479_.jpg,14.48,37.48,32.39,8.94,12.88,37.03,0.0302,0.0139,0.0306,1.63,-0.04
anthracnose1480_.jpg,14.46,35.24,32.66,8.5,9.61,38.3,0.0348,0.0167,0.0348,1.81,0.01
anthracnose1481_.jpg,14.43,51.4,31.02,7.98,18.57,35.44,0.0404,0.0173,0.0402,2.31,0.02
anthracnose1482_.jpg,14.43,43.75,31.72,8.22,13.33,36.88,0.038,0.0177,0.0376,2.02,0.04
anthracnose1483_.jpg,14.62,23.68,34.39,9.2,5.14,41.02,0.0266,0.0137,0.0252,1.29,0.14
anthracnose1484_.jpg,14.57,26.14,33.96,8.85,6.07,40.3,0.0293,0.0133,0.0295,1.6,-0.02
anthracnose1485_.jpg,14.5,32.76,32.98,8.88,6.18,40.22,0.0285,0.0183,0.0263,1.02,0.22
anthracnose1486_.jpg,14.48,22.69,34.57,9.66,4.83,41.29,0.0221,0.0138,0.0219,0.83,0.02
anthracnose1487_.jpg,14.91,69.08,29.74,7.79,17.2,35.78,0.0575,0.016,0.0573,4.15,0.02
anthracnose1488_.jpg,14.92,66.26,29.92,8.28,13.32,36.89,0.0501,0.02,0.0503,3.01,-0.02
anthracnose1489_.jpg,14.42,41.74,31.93,9.21,8.52,38.82,0.0494,0.0195,0.0482,2.99,0.12
anthracnose1490_.jpg,14.37,74.62,29.4,7.82,21.11,34.89,0.0636,0.0298,0.0647,3.38,-0.11
anthracnose1491_.jpg,14.48,36.16,32.55,10.09,9.25,38.47,0.0386,0.0173,0.0383,2.13,0.03
anthracnose1492_.jpg,14.44,40.14,32.1,8.68,9.93,38.16,0.0383,0.021,0.037,1.73,0.13
anthracnose1493_.jpg,14.51,15.5,36.23,10.63,3.67,42.49,0.025,0.0115,0.0255,1.35,-0.05
anthracnose1494_.jpg,14.5,19.58,35.21,10.12,4.6,41.5,0.0287,0.0132,0.0279,1.55,0.08
anthracnose1495_.jpg,14.44,77.43,29.24,6.52,27.79,33.69,0.0557,0.0142,0.0561,4.15,-0.04
anthracnose1496_.jpg,14.46,56.22,30.63,6.94,19.18,35.3,0.0454,0.0207,0.0461,2.47,-0.07
anthracnose1497_.jpg,14.49,78.98,29.16,6.13,32.13,33.06,0.049,0.0093,0.0506,3.97,-0.16
anthracnose1498_.jpg,14.47,63.5,30.1,6.99,23.35,34.45,0.0475,0.0165,0.0491,3.09,-0.16
anthracnose1499_.jpg,14.43,82.88,28.95,6.14,30.39,33.3,0.0648,0.0163,0.0678,4.85,-0.3
anthracnose1500_.jpg,14.41,94.09,28.4,5.84,34.71,32.73,0.077,0.0141,0.0793,6.29,-0.23
anthracnose1501_.jpg,14.39,46.22,31.48,8.39,8.45,38.86,0.0391,0.0223,0.0385,1.68,0.07
anthracnose1502_.jpg,14.41,35.5,32.63,8.34,5.97,40.37,0.0351,0.0209,0.0341,1.42,0.1
anthracnose1503_.jpg,14.46,60.61,30.31,7.34,22.05,34.7,0.0456,0.0144,0.0447,3.13,0.1
anthracnose1504_.jpg,14.47,68.79,29.76,7.22,24.9,34.17,0.0507,0.0128,0.0533,3.79,-0.26
anthracnose1505_.jpg,14.47,77.77,29.22,6.62,30.31,33.31,0.0514,0.0207,0.053,3.07,-0.16
anthracnose1506_.jpg,14.58,41.94,31.9,8.36,10.65,37.86,0.0361,0.0183,0.0344,1.78,0.17
anthracnose1507_.jpg,14.38,95.39,28.34,6.61,25.73,34.03,0.0753,0.0343,0.0758,4.09,-0.06
anthracnose1508_.jpg,14.53,91.54,28.51,6.44,25.64,34.04,0.0677,0.034,0.0673,3.37,0.03
anthracnose1509_.jpg,14.48,41.08,31.99,7.86,12.77,37.07,0.0377,0.0142,0.0369,2.34,0.08
anthracnose1510_.jpg,14.47,24.64,34.21,10.1,5.95,40.38,0.0338,0.0164,0.0331,1.74,0.06
anthracnose1511_.jpg,14.5,45.44,31.56,7.76,16.0,36.09,0.0397,0.0124,0.0392,2.73,0.05
anthracnose1512_.jpg,14.49,50.63,31.09,7.46,18.33,35.5,0.0456,0.0124,0.0454,3.32,0.02
anthracnose1513_.jpg,14.51,23.0,34.51,9.21,8.28,38.95,0.0257,0.0111,0.0237,1.46,0.2
anthracnose1514_.jpg,14.51,2.76,43.73,13.88,1.25,47.15,0.0042,0.0029,0.0047,0.13,-0.05
anthracnose1515_.jpg,14.43,63.03,30.14,7.27,21.76,34.75,0.0559,0.0185,0.0566,3.74,-0.07
anthracnose1516_.jpg,14.44,94.83,28.36,6.12,37.09,32.44,0.0619,0.0128,0.0701,4.91,-0.83
anthracnose1517_.jpg,14.71,69.81,29.69,7.07,26.65,33.87,0.0449,0.0112,0.0476,3.37,-0.26
anthracnose1518_.jpg,14.59,62.74,30.16,6.98,22.98,34.52,0.0514,0.0138,0.0512,3.76,0.02
anthracnose1519_.jpg,14.66,95.27,28.34,6.13,38.32,32.3,0.0707,0.017,0.0721,5.37,-0.14
anthracnose1520_.jpg,14.44,39.64,32.15,8.75,13.93,36.69,0.0378,0.0094,0.0375,2.84,0.03
anthracnose1521_.jpg,14.4,82.02,28.99,6.39,32.06,33.07,0.0509,0.0148,0.0528,3.61,-0.2
anthracnose1522_.jpg,15.02,39.63,32.15,8.19,12.31,37.23,0.0305,0.0075,0.0304,2.3,0.01
anthracnose1523_.jpg,15.72,80.04,29.1,7.04,21.36,34.83,0.0426,0.0232,0.0428,1.94,-0.01
anthracnose1524_.jpg,16.62,90.72,28.55,7.62,22.96,34.52,0.0391,0.0171,0.0395,2.2,-0.04
anthracnose1525_.jpg,14.49,63.61,30.1,7.13,21.86,34.73,0.0529,0.0103,0.0533,4.26,-0.04
anthracnose1526_.jpg,14.55,67.86,29.81,7.05,22.85,34.54,0.0534,0.0095,0.0531,4.39,0.02
anthracnose1527_.jpg,14.58,55.46,30.69,7.63,16.75,35.89,0.046,0.0077,0.0473,3.83,-0.13
anthracnose1528_.jpg,14.68,71.16,29.61,7.34,19.73,35.18,0.0501,0.0112,0.0505,3.89,-0.04
anthracnose1529_.jpg,14.57,86.11,28.78,6.69,30.49,33.29,0.0524,0.0107,0.0555,4.18,-0.31
anthracnose1530_.jpg,14.43,53.71,30.83,7.41,16.11,36.06,0.0425,0.0216,0.042,2.1,0.06
anthracnose1531_.jpg,14.42,59.83,30.36,7.76,15.31,36.28,0.059,0.021,0.0602,3.8,-0.12
anthracnose1532_.jpg,14.32,55.03,30.72,7.64,13.85,36.72,0.0527,0.0265,0.0538,2.62,-0.11
anthracnose1533_.jpg,14.3,56.24,30.63,7.55,13.76,36.75,0.061,0.0272,0.0607,3.38,0.03
anthracnose1534_.jpg,14.41,90.03,28.59,6.21,35.47,32.63,0.0666,0.0218,0.0689,4.48,-0.23
anthracnose1535_.jpg,14.45,70.12,29.67,6.74,26.71,33.86,0.0576,0.0201,0.0578,3.75,-0.02
anthracnose1536_.jpg,14.46,62.05,30.2,7.59,21.9,34.73,0.0514,0.0172,0.0543,3.42,-0.3
anthracnose1537_.jpg,14.63,51.0,31.06,7.7,15.72,36.17,0.0387,0.0123,0.0388,2.64,-0.01
anthracnose1538_.jpg,14.73,62.68,30.16,7.32,19.05,35.33,0.0401,0.0135,0.0404,2.65,-0.03
anthracnose1539_.jpg,14.48,36.19,32.55,8.17,11.33,37.59,0.0399,0.017,0.0394,2.29,0.05
anthracnose1540_.jpg,14.51,18.55,35.45,9.82,4.42,41.68,0.0257,0.0086,0.0249,1.71,0.08
anthracnose1541_.jpg,14.51,19.86,35.15,9.7,4.74,41.37,0.0263,0.0093,0.0263,1.7,-0.01
anthracnose1542_.jpg,14.46,55.61,30.68,7.45,20.01,35.12,0.0403,0.0146,0.04,2.57,0.03
anthracnose1543_.jpg,14.48,56.05,30.64,7.34,18.48,35.46,0.0497,0.0118,0.0508,3.79,-0.11
anthracnose1544_.jpg,14.26,151.63,26.32,4.97,51.85,30.98,0.1064,0.025,0.1131,8.14,-0.66
anthracnose1545_.jpg,14.38,100.02,28.13,5.95,33.58,32.87,0.0759,0.0188,0.0784,5.7,-0.26
anthracnose1546_.jpg,14.64,52.27,30.95,7.37,17.33,35.74,0.0378,0.0104,0.0382,2.74,-0.03
anthracnose1547_.jpg,14.44,46.39,31.47,7.98,15.35,36.27,0.0376,0.017,0.0369,2.05,0.06
anthracnose1548_.jpg,14.49,25.88,34.0,10.13,9.91,38.17,0.0158,0.0077,0.0153,0.81,0.05
anthracnose1549_.jpg,14.52,34.4,32.76,9.16,14.71,36.45,0.0232,0.0046,0.0216,1.87,0.16
anthracnose1550_.jpg,14.57,49.45,31.19,7.43,22.49,34.61,0.0236,0.0086,0.0225,1.5,0.11
anthracnose1551_.jpg,14.48,70.99,29.62,6.68,34.21,32.79,0.0412,0.0082,0.0458,3.31,-0.46
anthracnose1552_.jpg,14.52,45.41,31.56,8.1,18.09,35.56,0.0265,0.0102,0.0264,1.64,0.02
anthracnose1553_.jpg,14.49,11.59,37.49,11.08,2.44,44.25,0.0193,0.0077,0.0181,1.16,0.11
anthracnose1554_.jpg,14.49,13.37,36.87,10.73,2.82,43.63,0.0196,0.0093,0.0203,1.03,-0.07
anthracnose1555_.jpg,14.45,47.65,31.35,7.88,13.58,36.8,0.0462,0.0129,0.0455,3.34,0.07
anthracnose1556_.jpg,14.45,46.5,31.46,7.94,13.22,36.92,0.0452,0.0118,0.0455,3.34,-0.03
anthracnose1557_.jpg,14.37,65.63,29.96,7.41,19.07,35.33,0.048,0.0221,0.0477,2.58,0.02
anthracnose1558_.jpg,14.55,71.91,29.56,6.67,23.3,34.46,0.0524,0.0152,0.0518,3.72,0.07
anthracnose1559_.jpg,14.48,40.03,32.11,8.48,14.42,36.54,0.0338,0.0102,0.0331,2.36,0.06
anthracnose1560_.jpg,14.34,65.67,29.96,6.78,22.43,34.62,0.0507,0.0188,0.0504,3.19,0.03
anthracnose1561_.jpg,14.31,68.62,29.77,6.67,24.57,34.23,0.0522,0.0186,0.0534,3.36,-0.12
anthracnose1570_.jpg,14.51,4.59,41.51,14.18,1.57,46.18,0.004,0.0036,0.004,0.04,-0.01
anthracnose1571_.jpg,14.51,17.15,35.79,11.61,3.5,42.69,0.0228,0.0064,0.0228,1.64,0.0
anthracnose1572_.jpg,14.51,14.8,36.43,11.26,4.12,41.98,0.0126,0.005,0.013,0.75,-0.05
anthracnose1573_.jpg,14.51,7.13,39.6,13.62,2.35,44.42,0.0086,0.005,0.0085,0.36,0.01
anthracnose1582_.jpg,14.44,86.68,28.75,6.51,23.12,34.49,0.0792,0.0282,0.0787,5.09,0.04
anthracnose1583_.jpg,14.46,79.54,29.12,6.56,23.06,34.5,0.0744,0.0235,0.0742,5.09,0.01
anthracnose1584_.jpg,14.44,82.69,28.96,6.56,23.37,34.44,0.0733,0.0248,0.0738,4.85,-0.05
anthracnose1585_.jpg,14.51,12.15,37.29,12.48,2.7,43.81,0.0137,0.0074,0.0129,0.63,0.08
anthracnose1594_.jpg,14.49,32.47,33.02,10.25,13.51,36.82,0.0218,0.0116,0.0199,1.02,0.19
anthracnose1595_.jpg,14.48,28.11,33.64,10.98,11.06,37.69,0.021,0.0113,0.02,0.97,0.11
anthracnose1596_.jpg,14.49,28.64,33.56,10.52,11.47,37.53,0.0193,0.01,0.0195,0.94,-0.01
anthracnose1597_.jpg,14.47,39.79,32.13,9.41,13.73,36.75,0.0371,0.0115,0.0367,2.55,0.04
anthracnose1606_.jpg,14.31,83.35,28.92,6.68,26.6,33.88,0.0606,0.0187,0.0592,4.19,0.14
anthracnose1607_.jpg,14.34,74.48,29.41,6.95,22.87,34.54,0.0549,0.0166,0.0537,3.83,0.12
anthracnose1608_.jpg,14.21,79.1,29.15,6.69,26.29,33.93,0.0613,0.0226,0.0609,3.86,0.04
anthracnose1609_.jpg,14.44,72.87,29.51,7.01,26.66,33.87,0.0512,0.0165,0.0515,3.47,-0.03
anthracnose1610_.jpg,14.43,70.38,29.66,7.17,25.0,34.15,0.0502,0.0161,0.0499,3.41,0.03
anthracnose1611_.jpg,14.37,77.14,29.26,6.92,27.41,33.75,0.0527,0.0183,0.0532,3.45,-0.05
anthracnose1612_.jpg,14.45,61.15,30.27,7.49,20.53,35.01,0.0476,0.014,0.0472,3.36,0.04
anthracnose1613_.jpg,14.41,61.48,30.24,7.43,22.29,34.65,0.0494,0.0186,0.0481,3.08,0.13
anthracnose1614_.jpg,14.38,62.22,30.19,7.48,22.57,34.6,0.0476,0.0186,0.0485,2.91,-0.09
anthracnose1615_.jpg,14.38,67.42,29.84,7.27,24.72,34.2,0.0513,0.0177,0.0503,3.35,0.09
anthracnose1616_.jpg,14.41,58.3,30.47,7.69,19.5,35.23,0.0479,0.0158,0.047,3.2,0.09
anthracnose1617_.jpg,14.41,72.98,29.5,7.1,25.6,34.05,0.047,0.0187,0.0464,2.84,0.07
anthracnose1618_.jpg,14.42,69.77,29.69,7.23,24.27,34.28,0.0465,0.0169,0.0464,2.97,0.01
anthracnose1619_.jpg,14.47,62.0,30.21,7.43,19.16,35.31,0.0454,0.0172,0.0443,2.81,0.11
anthracnose1620_.jpg,14.55,62.68,30.16,7.62,17.56,35.69,0.0451,0.0152,0.0441,2.99,0.1
anthracnose1621_.jpg,14.47,50.98,31.06,7.57,13.81,36.73,0.0487,0.0167,0.0484,3.21,0.03
anthracnose182_.jpg,14.39,52.37,30.94,8.33,17.88,35.61,0.044,0.0104,0.0435,3.36,0.05
anthracnose183_.jpg,14.17,147.3,26.45,5.5,44.82,31.62,0.0886,0.0335,0.0902,5.51,-0.16
anthracnose184_.jpg,14.3,117.58,27.43,6.15,34.33,32.77,0.0792,0.0286,0.0778,5.06,0.14
anthracnose194_.jpg,14.41,60.36,30.32,8.29,19.5,35.23,0.0392,0.0156,0.0376,2.37,0.16
anthracnose195_.jpg,14.48,20.14,35.09,12.46,11.9,37.38,0.0077,0.0045,0.0074,0.32,0.04
anthracnose196_.jpg,14.49,29.92,33.37,10.64,14.64,36.48,0.0177,0.006,0.0166,1.17,0.11
anthracnose197_.jpg,14.46,49.92,31.15,8.95,21.95,34.72,0.0272,0.0072,0.0275,2.0,-0.03
anthracnose198_.jpg,14.45,33.36,32.9,10.33,15.85,36.13,0.0153,0.0062,0.0149,0.91,0.04
anthracnose199_.jpg,14.5,16.01,36.09,11.17,3.9,42.22,0.0077,0.0065,0.0075,0.12,0.02
anthracnose200_.jpg,14.49,29.52,33.43,10.16,16.54,35.95,0.0111,0.0053,0.0098,0.58,0.13
anthracnose201_.jpg,14.46,39.33,32.18,9.21,17.31,35.75,0.0189,0.0066,0.0174,1.23,0.15
anthracnose202_.jpg,14.42,43.87,31.71,8.67,19.47,35.24,0.0175,0.0067,0.0157,1.08,0.18
anthracnose491_.jpg,13.94,137.1,26.76,4.93,28.46,33.59,0.1533,0.0818,0.1543,7.16,-0.1
anthracnose492_.jpg,14.33,79.65,29.12,6.33,22.14,34.68,0.0832,0.0274,0.0829,5.58,0.03
anthracnose493_.jpg,14.1,106.04,27.88,5.56,18.03,35.57,0.1345,0.0541,0.1335,8.04,0.11
anthracnose494_.jpg,14.28,114.58,27.54,5.57,40.06,32.1,0.0935,0.0295,0.0977,6.4,-0.41
anthracnose496_.jpg,13.82,169.84,25.83,4.67,39.06,32.21,0.1531,0.0849,0.1549,6.82,-0.18
anthracnose497_.jpg,14.36,80.33,29.08,6.08,25.76,34.02,0.0696,0.0252,0.0696,4.44,-0.0
anthracnose498_.jpg,13.89,144.71,26.53,4.97,33.23,32.92,0.1401,0.0806,0.1415,5.95,-0.14
anthracnose499_.jpg,14.32,77.55,29.24,6.48,23.53,34.41,0.0713,0.0276,0.0713,4.37,0.0
anthracnose500_.jpg,14.33,58.84,30.43,6.5,7.61,39.32,0.1031,0.0449,0.1018,5.82,0.13
anthracnose501_.jpg,14.38,50.07,31.14,7.26,14.53,36.51,0.0531,0.0227,0.0518,3.04,0.13
anthracnose502_.jpg,14.12,107.98,27.8,5.49,31.25,33.18,0.0876,0.0438,0.0895,4.38,-0.19
anthracnose503_.jpg,14.4,76.04,29.32,6.34,27.16,33.79,0.0713,0.0165,0.0692,5.48,0.2
anthracnose504_.jpg,14.16,105.12,27.91,5.58,28.28,33.62,0.1003,0.0423,0.1008,5.8,-0.05
anthracnose505_.jpg,14.42,95.92,28.31,5.72,35.97,32.57,0.0819,0.0182,0.0836,6.37,-0.16
anthracnose507_.jpg,14.22,87.53,28.71,5.85,16.04,36.08,0.1094,0.0608,0.1091,4.86,0.02
anthracnose508_.jpg,14.4,71.42,29.59,6.39,24.15,34.3,0.058,0.0222,0.0576,3.58,0.04
anthracnose509_.jpg,14.34,58.06,30.49,6.64,9.92,38.17,0.0773,0.0352,0.0765,4.21,0.08
anthracnose510_.jpg,14.39,61.25,30.26,6.88,16.31,36.01,0.0703,0.0189,0.0691,5.13,0.11
anthracnose511_.jpg,14.42,46.7,31.44,7.85,9.31,38.44,0.0658,0.0216,0.0663,4.42,-0.06
anthracnose512_.jpg,14.44,41.68,31.93,7.55,11.46,37.54,0.0444,0.016,0.0442,2.84,0.01
anthracnose513_.jpg,14.44,43.5,31.75,7.94,14.22,36.6,0.0427,0.0146,0.042,2.82,0.08
anthracnose514_.jpg,14.28,87.24,28.72,6.1,20.37,35.04,0.0798,0.0408,0.0791,3.9,0.07
anthracnose515_.jpg,14.32,95.69,28.32,5.7,19.75,35.17,0.1044,0.0339,0.1044,7.04,-0.0
anthracnose516_.jpg,13.87,130.27,26.98,5.15,23.28,34.46,0.1523,0.0895,0.1544,6.28,-0.21
anthracnose517_.jpg,14.51,14.14,36.63,11.07,6.28,40.15,0.0107,0.0048,0.0094,0.59,0.13
anthracnose518_.jpg,14.4,90.86,28.55,5.64,30.43,33.3,0.0859,0.0189,0.0855,6.7,0.03
anthracnose519_.jpg,14.18,111.13,27.67,5.4,29.09,33.49,0.0901,0.05,0.0923,4.01,-0.22
anthracnose520_.jpg,14.25,98.08,28.21,5.76,34.7,32.73,0.0736,0.0311,0.0757,4.25,-0.21
anthracnose521_.jpg,14.17,55.23,30.71,7.34,11.2,37.64,0.0642,0.0391,0.0635,2.52,0.08
anthracnose522_.jpg,14.26,105.43,27.9,5.53,22.32,34.64,0.1267,0.0339,0.127,9.28,-0.03
anthracnose523_.jpg,14.14,128.32,27.05,5.14,29.64,33.41,0.1331,0.0434,0.1348,8.97,-0.16
anthracnose524_.jpg,14.27,74.58,29.4,6.5,18.14,35.54,0.0705,0.029,0.0706,4.15,-0.01
anthracnose525_.jpg,13.9,195.86,25.21,4.71,48.18,31.3,0.1245,0.0523,0.1284,7.22,-0.39
anthracnose526_.jpg,14.18,96.14,28.3,5.42,26.56,33.89,0.0978,0.0452,0.0982,5.26,-0.04
anthracnose527_.jpg,13.8,96.36,28.29,5.36,23.53,34.41,0.0846,0.0625,0.0842,2.21,0.04
anthracnose528_.jpg,14.5,34.59,32.74,10.3,11.01,37.71,0.0302,0.01,0.029,2.02,0.12
anthracnose529_.jpg,14.09,155.91,26.2,4.82,43.48,31.75,0.1179,0.0468,0.1217,7.11,-0.37
anthracnose530_.jpg,14.38,57.06,30.57,6.83,9.1,38.54,0.0985,0.0349,0.0976,6.35,0.09
anthracnose531_.jpg,14.2,103.59,27.98,5.74,25.67,34.04,0.0918,0.0448,0.0922,4.7,-0.04
anthracnose532_.jpg,14.27,79.98,29.1,6.17,24.31,34.27,0.0795,0.0321,0.078,4.74,0.15
anthracnose533_.jpg,14.41,35.19,32.67,8.32,4.47,41.63,0.0574,0.0341,0.0577,2.33,-0.03
anthracnose534_.jpg,14.34,66.92,29.88,5.99,18.15,35.54,0.0836,0.0403,0.0846,4.33,-0.11
anthracnose535_.jpg,14.36,66.43,29.91,6.54,20.84,34.94,0.0687,0.02,0.0686,4.87,0.01
anthracnose536_.jpg,14.3,129.77,27.0,5.04,40.63,32.04,0.1289,0.032,0.1292,9.69,-0.03
anthracnose537_.jpg,13.34,203.03,25.06,4.31,26.66,33.87,0.247,0.1453,0.2499,10.18,-0.29
anthracnose538_.jpg,12.9,199.16,25.14,4.57,21.31,34.85,0.2153,0.1618,0.2164,5.35,-0.11
anthracnose539_.jpg,14.43,34.84,32.71,10.67,11.31,37.6,0.0317,0.0084,0.0305,2.33,0.12
anthracnose540_.jpg,14.41,30.02,33.36,8.39,5.67,40.59,0.0378,0.0206,0.0357,1.72,0.21
anthracnose541_.jpg,14.41,60.25,30.33,6.5,18.94,35.36,0.0618,0.0195,0.0606,4.23,0.12
anthracnose542_.jpg,14.26,85.98,28.79,5.85,15.7,36.17,0.1235,0.0555,0.1223,6.8,0.12
anthracnose543_.jpg,13.88,132.56,26.91,5.1,27.95,33.67,0.1128,0.0882,0.1159,2.46,-0.31
anthracnose544_.jpg,14.41,45.93,31.51,7.73,12.78,37.07,0.0548,0.0168,0.0534,3.8,0.14
anthracnose545_.jpg,14.25,64.45,30.04,6.74,13.33,36.88,0.0667,0.0452,0.0658,2.14,0.08
anthracnose546_.jpg,14.47,75.34,29.36,6.11,24.26,34.28,0.0749,0.0194,0.0743,5.55,0.06
anthracnose547_.jpg,14.08,125.66,27.14,4.98,22.06,34.69,0.1518,0.0843,0.1532,6.75,-0.14
anthracnose548_.jpg,14.34,97.82,28.23,5.59,29.29,33.46,0.1004,0.0231,0.1003,7.73,0.02
anthracnose549_.jpg,13.99,165.89,25.93,4.74,29.47,33.44,0.167,0.0852,0.1692,8.19,-0.22
anthracnose550_.jpg,14.51,24.26,34.28,9.55,12.06,37.32,0.0132,0.0047,0.012,0.85,0.12
anthracnose551_.jpg,14.38,110.93,27.68,5.22,35.7,32.6,0.1002,0.0299,0.099,7.02,0.11
anthracnose552_.jpg,14.28,74.35,29.42,6.26,11.04,37.7,0.1099,0.0411,0.1127,6.88,-0.28
anthracnose553_.jpg,14.36,131.14,26.95,5.04,37.17,32.43,0.1529,0.0248,0.1546,12.81,-0.18
anthracnose554_.jpg,13.7,200.48,25.11,4.49,31.07,33.21,0.2075,0.1138,0.209,9.37,-0.15
anthracnose555_.jpg,14.49,66.39,29.91,6.29,15.78,36.15,0.0717,0.0099,0.0702,6.19,0.15
anthracnose556_.jpg,13.62,205.63,25.0,4.47,29.28,33.46,0.2242,0.1321,0.2251,9.21,-0.1
anthracnose557_.jpg,14.47,67.2,29.86,6.45,20.99,34.91,0.0696,0.0135,0.0694,5.61,0.01
anthracnose558_.jpg,14.38,83.46,28.92,5.74,25.56,34.05,0.0866,0.0238,0.0859,6.28,0.07
anthracnose559_.jpg,14.05,147.14,26.45,4.94,30.67,33.26,0.1494,0.0814,0.1506,6.8,-0.11
anthracnose560_.jpg,12.92,206.05,24.99,4.15,30.31,33.32,0.1679,0.1401,0.1689,2.78,-0.1
anthracnose561_.jpg,14.49,71.04,29.62,6.56,29.22,33.47,0.0452,0.0159,0.0438,2.94,0.14
anthracnose562_.jpg,14.35,116.47,27.47,5.4,36.09,32.56,0.1164,0.026,0.1173,9.04,-0.09
anthracnose563_.jpg,14.5,32.35,33.03,7.71,5.33,40.87,0.0417,0.0104,0.0417,3.13,-0.0
anthracnose564_.jpg,13.83,153.66,26.27,5.26,25.18,34.12,0.1434,0.0835,0.1438,5.99,-0.04
anthracnose565_.jpg,13.74,179.19,25.6,4.71,33.28,32.91,0.167,0.0987,0.1687,6.82,-0.17
anthracnose566_.jpg,14.4,69.26,29.73,6.28,17.69,35.65,0.0806,0.0257,0.0778,5.49,0.29
anthracnose567_.jpg,14.41,76.21,29.31,5.79,13.44,36.85,0.11,0.0271,0.1102,8.29,-0.02
anthracnose568_.jpg,14.17,128.72,27.03,5.28,21.03,34.9,0.156,0.0703,0.1568,8.57,-0.08
anthracnose569_.jpg,13.47,218.79,24.73,4.19,37.12,32.44,0.1908,0.1298,0.1938,6.1,-0.3
anthracnose570_.jpg,14.43,64.19,30.06,6.71,23.62,34.4,0.0594,0.0151,0.0583,4.42,0.1
anthracnose571_.jpg,14.18,112.06,27.64,5.44,29.34,33.46,0.1009,0.0434,0.1029,5.75,-0.2
anthracnose572_.jpg,14.44,35.98,32.57,8.51,5.89,40.43,0.0392,0.0204,0.0393,1.87,-0.01
anthracnose573_.jpg,14.41,45.68,31.53,7.47,12.46,37.17,0.0442,0.019,0.0439,2.52,0.03
anthracnose574_.jpg,14.43,78.32,29.19,5.92,26.33,33.93,0.0682,0.0123,0.0666,5.59,0.16
anthracnose575_.jpg,14.42,43.91,31.71,7.59,8.45,38.86,0.0655,0.0185,0.0644,4.7,0.11
anthracnose576_.jpg,14.31,68.64,29.76,6.43,13.23,36.91,0.0903,0.033,0.0912,5.73,-0.1
anthracnose577_.jpg,14.27,126.5,27.11,5.19,27.24,33.78,0.1321,0.0336,0.1352,9.85,-0.3
anthracnose578_.jpg,14.34,137.79,26.74,5.19,32.51,33.01,0.1183,0.0227,0.1208,9.56,-0.25
anthracnose579_.jpg,14.38,93.59,28.42,5.49,26.09,33.97,0.0954,0.0356,0.0956,5.98,-0.01
anthracnose580_.jpg,14.28,92.98,28.45,5.65,25.67,34.04,0.0948,0.0395,0.0954,5.53,-0.06
anthracnose581_.jpg,14.16,103.74,27.97,5.71,27.33,33.77,0.0978,0.043,0.0972,5.48,0.05
anthracnose582_.jpg,14.38,70.01,29.68,6.29,16.46,35.97,0.0927,0.026,0.0906,6.67,0.21
anthracnose583_.jpg,14.49,56.91,30.58,7.51,25.58,34.05,0.0348,0.0103,0.035,2.45,-0.02
anthracnose584_.jpg,14.35,82.44,28.97,6.13,21.15,34.88,0.0827,0.0292,0.0824,5.35,0.03
anthracnose585_.jpg,14.42,78.45,29.18,6.07,30.59,33.27,0.057,0.0161,0.0544,4.09,0.26
anthracnose586_.jpg,14.38,57.47,30.54,6.6,9.76,38.23,0.0926,0.0351,0.092,5.75,0.06
anthracnose587_.jpg,14.5,28.3,33.61,7.81,5.83,40.48,0.0404,0.0138,0.0397,2.66,0.07
anthracnose588_.jpg,14.51,18.07,35.56,8.84,4.4,41.7,0.0167,0.0072,0.017,0.95,-0.04
anthracnose589_.jpg,14.45,44.83,31.62,7.05,8.44,38.87,0.0595,0.0226,0.0581,3.69,0.14
anthracnose590_.jpg,14.37,67.56,29.83,6.19,16.73,35.89,0.0737,0.0274,0.0748,4.62,-0.11
anthracnose591_.jpg,14.34,98.32,28.2,5.43,29.14,33.49,0.093,0.0409,0.0946,5.21,-0.16
anthracnose592_.jpg,14.33,71.79,29.57,6.0,20.36,35.04,0.0701,0.027,0.07,4.31,0.01
anthracnose593_.jpg,14.21,254.41,24.08,4.12,68.62,29.77,0.1651,0.0313,0.173,13.38,-0.79
anthracnose594_.jpg,14.47,31.24,33.18,10.95,8.34,38.92,0.0278,0.0155,0.0282,1.23,-0.05
anthracnose595_.jpg,14.29,136.03,26.79,5.14,28.73,33.55,0.1254,0.0382,0.1262,8.72,-0.09
anthracnose596_.jpg,14.19,114.02,27.56,5.44,13.93,36.69,0.1662,0.0819,0.1676,8.43,-0.14
anthracnose597_.jpg,14.47,44.34,31.66,7.39,9.9,38.17,0.045,0.0082,0.0441,3.68,0.09
anthracnose598_.jpg,14.42,71.69,29.58,6.34,19.22,35.29,0.0812,0.0276,0.0793,5.36,0.19
anthracnose599_.jpg,14.41,46.94,31.42,7.55,10.51,37.91,0.0623,0.0177,0.0608,4.46,0.15
anthracnose600_.jpg,14.37,97.29,28.25,5.64,29.12,33.49,0.0929,0.0393,0.0951,5.36,-0.22
anthracnose601_.jpg,14.46,32.48,33.02,7.47,7.75,39.24,0.0362,0.0152,0.0339,2.1,0.22
anthracnose602_.jpg,14.21,94.92,28.36,5.64,22.49,34.61,0.0999,0.0448,0.0994,5.51,0.05
anthracnose603_.jpg,14.44,52.25,30.95,6.99,9.67,38.28,0.0716,0.0285,0.0716,4.3,0.0
anthracnose604_.jpg,14.51,26.56,33.89,9.44,9.73,38.25,0.0245,0.0106,0.0238,1.4,0.08
anthracnose605_.jpg,14.41,58.14,30.49,6.91,14.25,36.59,0.0678,0.025,0.067,4.28,0.09
anthracnose606_.jpg,14.31,79.91,29.1,6.41,15.99,36.09,0.091,0.0382,0.0905,5.28,0.05
anthracnose607_.jpg,14.37,67.95,29.81,6.61,17.0,35.83,0.0775,0.0294,0.0764,4.8,0.11
anthracnose608_.jpg,14.35,67.85,29.82,6.63,16.88,35.86,0.0756,0.0276,0.075,4.8,0.06
anthracnose609_.jpg,14.3,68.56,29.77,6.47,16.58,35.93,0.0717,0.0343,0.0722,3.74,-0.05
anthracnose610_.jpg,14.37,82.14,28.99,6.1,27.91,33.67,0.0635,0.0198,0.066,4.37,-0.25
anthracnose611_.jpg,14.25,76.35,29.3,6.51,16.38,35.99,0.0865,0.0361,0.086,5.04,0.05
anthracnose612_.jpg,14.18,97.28,28.25,5.49,24.34,34.27,0.1057,0.0561,0.1065,4.96,-0.08
anthracnose613_.jpg,14.3,77.18,29.26,6.14,16.21,36.03,0.0869,0.0443,0.0856,4.26,0.13
anthracnose614_.jpg,14.48,67.45,29.84,6.2,25.82,34.01,0.0524,0.0078,0.0531,4.47,-0.07
anthracnose615_.jpg,14.48,53.32,30.86,7.47,20.32,35.05,0.0421,0.0104,0.0418,3.17,0.03
anthracnose616_.jpg,14.41,73.08,29.49,6.16,26.52,33.9,0.0595,0.0176,0.0603,4.19,-0.08
anthracnose617_.jpg,14.37,107.33,27.82,5.42,31.6,33.13,0.1027,0.0416,0.1037,6.11,-0.1
anthracnose618_.jpg,14.27,111.68,27.65,5.6,27.03,33.81,0.1011,0.0417,0.1026,5.94,-0.15
anthracnose619_.jpg,14.28,73.19,29.49,6.35,16.99,35.83,0.0701,0.0333,0.0706,3.68,-0.06
anthracnose620_.jpg,14.49,24.67,34.21,8.85,4.88,41.24,0.0325,0.0123,0.0327,2.03,-0.01
anthracnose621_.jpg,14.43,53.36,30.86,7.05,14.99,36.37,0.0563,0.0243,0.0549,3.2,0.13
anthracnose622_.jpg,14.45,43.91,31.7,7.86,12.37,37.21,0.0418,0.0155,0.0433,2.63,-0.15
anthracnose623_.jpg,14.41,68.84,29.75,6.69,15.14,36.33,0.0734,0.029,0.0724,4.44,0.11
anthracnose624_.jpg,14.27,89.06,28.63,5.86,22.65,34.58,0.0966,0.0449,0.0965,5.17,0.01
anthracnose625_.jpg,14.3,117.15,27.44,5.29,28.11,33.64,0.114,0.0438,0.1151,7.02,-0.12
anthracnose626_.jpg,14.47,55.97,30.65,7.58,17.84,35.62,0.0429,0.0129,0.0431,3.0,-0.02
anthracnose627_.jpg,14.43,62.8,30.15,6.73,10.22,38.04,0.0804,0.0258,0.0805,5.45,-0.02
anthracnose628_.jpg,14.38,40.73,32.03,7.69,6.86,39.77,0.0561,0.0239,0.0552,3.22,0.09
anthracnose629_.jpg,14.3,87.65,28.7,5.91,21.96,34.72,0.088,0.0359,0.0883,5.21,-0.03
anthracnose630_.jpg,14.31,86.96,28.74,5.97,21.73,34.76,0.0952,0.037,0.0946,5.82,0.06
anthracnose631_.jpg,14.33,63.69,30.09,6.67,20.09,35.1,0.0523,0.025,0.0511,2.73,0.12
anthracnose632_.jpg,14.18,104.72,27.93,5.53,19.99,35.12,0.1239,0.0513,0.1239,7.26,0.0
anthracnose633_.jpg,14.26,82.96,28.94,5.68,16.51,35.95,0.1197,0.0457,0.1188,7.41,0.09
anthracnose634_.jpg,14.24,57.22,30.56,7.0,14.61,36.49,0.0637,0.036,0.065,2.78,-0.12
anthracnose635_.jpg,14.22,93.38,28.43,5.98,24.29,34.28,0.0829,0.0325,0.0842,5.04,-0.13
anthracnose636_.jpg,14.27,71.86,29.57,6.36,18.3,35.51,0.0687,0.0326,0.0674,3.61,0.13
anthracnose637_.jpg,14.5,34.48,32.76,8.78,10.42,37.95,0.0351,0.0132,0.035,2.19,0.01
anthracnose638_.jpg,14.31,68.33,29.78,6.71,19.79,35.17,0.0673,0.0254,0.067,4.19,0.03
anthracnose639_.jpg,14.28,74.43,29.41,6.3,18.79,35.39,0.0868,0.0339,0.0862,5.29,0.06
anthracnose640_.jpg,14.35,80.36,29.08,5.95,27.96,33.67,0.0668,0.032,0.0679,3.49,-0.1
anthracnose641_.jpg,14.32,109.33,27.74,5.35,32.02,33.08,0.1166,0.038,0.1177,7.85,-0.11
anthracnose642_.jpg,14.51,13.69,36.77,10.19,2.19,44.73,0.0158,0.0071,0.015,0.87,0.09
anthracnose643_.jpg,14.42,45.08,31.59,7.39,7.95,39.13,0.072,0.0223,0.0703,4.97,0.18
anthracnose644_.jpg,14.31,54.58,30.76,7.13,11.71,37.44,0.0748,0.0255,0.0741,4.93,0.07
anthracnose645_.jpg,14.26,57.99,30.5,6.89,14.7,36.46,0.0758,0.0325,0.0761,4.34,-0.02
anthracnose646_.jpg,14.26,75.44,29.35,6.19,22.55,34.6,0.076,0.0333,0.0762,4.27,-0.01
anthracnose647_.jpg,14.17,129.64,27.0,5.11,32.37,33.03,0.1173,0.0506,0.1181,6.67,-0.09
anthracnose648_.jpg,14.45,51.93,30.98,7.61,17.46,35.71,0.0441,0.0107,0.0451,3.34,-0.1
anthracnose649_.jpg,14.47,74.2,29.43,7.17,23.33,34.45,0.0663,0.0221,0.0677,4.43,-0.14
anthracnose650_.jpg,14.17,141.15,26.63,4.89,48.93,31.24,0.0962,0.0416,0.1,5.46,-0.39
anthracnose651_.jpg,14.33,92.5,28.47,5.98,33.43,32.89,0.0658,0.0272,0.0667,3.86,-0.08
anthracnose652_.jpg,14.35,84.22,28.88,6.14,33.56,32.87,0.0654,0.0217,0.0641,4.37,0.13
anthracnose653_.jpg,14.3,141.41,26.63,5.13,41.57,31.94,0.1129,0.0252,0.1174,8.77,-0.46
anthracnose654_.jpg,14.29,82.17,28.98,6.21,22.04,34.7,0.0855,0.027,0.0837,5.85,0.18
anthracnose655_.jpg,14.41,32.13,33.06,7.38,5.55,40.69,0.0448,0.0186,0.0446,2.62,0.02
anthracnose656_.jpg,13.9,147.0,26.46,4.91,41.53,31.95,0.1046,0.0545,0.11,5.02,-0.54
anthracnose657_.jpg,14.44,51.88,30.98,7.29,16.09,36.06,0.0511,0.0126,0.0501,3.85,0.1
anthracnose658_.jpg,14.48,75.93,29.33,6.48,23.76,34.37,0.0673,0.0222,0.0679,4.51,-0.07
anthracnose659_.jpg,14.33,105.25,27.91,5.56,33.81,32.84,0.0912,0.0241,0.0928,6.71,-0.16
anthracnose660_.jpg,14.11,117.33,27.44,5.24,27.57,33.73,0.106,0.0466,0.1071,5.94,-0.11
anthracnose661_.jpg,14.29,118.51,27.39,5.75,35.37,32.64,0.0846,0.0297,0.0857,5.48,-0.11
anthracnose662_.jpg,14.46,46.51,31.46,7.58,14.43,36.54,0.0449,0.0161,0.0452,2.88,-0.03
anthracnose663_.jpg,14.23,131.23,26.95,5.09,36.17,32.55,0.1142,0.0385,0.1178,7.58,-0.35
anthracnose664_.jpg,14.43,101.04,28.09,5.65,34.52,32.75,0.0849,0.0142,0.0884,7.07,-0.35
anthracnose665_.jpg,14.4,43.99,31.7,7.46,8.97,38.6,0.0569,0.0237,0.0548,3.31,0.2
anthracnose666_.jpg,14.25,41.65,31.94,7.23,5.24,40.94,0.0657,0.0483,0.0651,1.74,0.06
anthracnose667_.jpg,14.1,107.77,27.81,5.45,35.07,32.68,0.0824,0.0406,0.0853,4.18,-0.29
anthracnose668_.jpg,14.45,47.29,31.38,7.56,16.87,35.86,0.0373,0.0099,0.0368,2.74,0.05
anthracnose669_.jpg,14.5,42.24,31.87,7.28,16.14,36.05,0.0245,0.0075,0.0239,1.7,0.06
anthracnose670_.jpg,14.41,69.19,29.73,6.09,31.79,33.11,0.0347,0.0115,0.0354,2.33,-0.07
anthracnose671_.jpg,14.43,78.97,29.16,5.83,32.87,32.96,0.0395,0.0105,0.0418,2.91,-0.23
anthracnose672_.jpg,14.45,32.66,32.99,7.91,9.8,38.22,0.0216,0.0071,0.0224,1.45,-0.08
anthracnose673_.jpg,14.46,54.82,30.74,6.57,22.12,34.68,0.0265,0.0077,0.0269,1.87,-0.05
anthracnose674_.jpg,14.51,10.06,38.1,10.47,3.83,42.3,0.0052,0.0031,0.0049,0.21,0.02
anthracnose675_.jpg,14.53,12.85,37.04,9.89,3.88,42.24,0.007,0.0059,0.0063,0.1,0.06
anthracnose676_.jpg,14.53,44.83,31.62,6.94,17.0,35.83,0.0272,0.0067,0.0276,2.06,-0.03
anthracnose677_.jpg,14.52,15.6,36.2,9.37,4.56,41.54,0.0114,0.0072,0.0121,0.42,-0.07
anthracnose678_.jpg,14.48,36.27,32.54,7.68,14.45,36.53,0.0224,0.0064,0.0222,1.6,0.02
anthracnose679_.jpg,14.51,27.88,33.68,10.23,10.4,37.96,0.0258,0.0063,0.025,1.95,0.08
anthracnose680_.jpg,14.48,45.17,31.58,6.92,17.16,35.79,0.0326,0.0096,0.0306,2.3,0.2
anthracnose681_.jpg,14.41,38.4,32.29,8.2,12.87,37.04,0.0442,0.0173,0.0449,2.7,-0.06
anthracnose682_.jpg,14.5,16.99,35.83,9.73,6.54,39.97,0.0137,0.0019,0.0117,1.17,0.2
anthracnose683_.jpg,14.51,5.4,40.81,12.24,1.84,45.48,0.005,0.0022,0.0053,0.28,-0.03
anthracnose684_.jpg,14.51,11.4,37.56,12.83,2.9,43.51,0.0101,0.008,0.0114,0.21,-0.14
anthracnose685_.jpg,14.51,36.34,32.53,10.54,11.79,37.42,0.0395,0.0082,0.0385,3.13,0.09
anthracnose686_.jpg,14.5,33.96,32.82,9.36,11.84,37.4,0.0352,0.0125,0.035,2.26,0.02
anthracnose687_.jpg,14.49,36.2,32.54,9.52,11.57,37.5,0.0357,0.0148,0.0346,2.09,0.11
anthracnose688_.jpg,14.53,10.74,37.82,12.77,2.05,45.01,0.0189,0.0131,0.019,0.58,-0.01
anthracnose689_.jpg,14.5,27.16,33.79,10.83,8.59,38.79,0.0306,0.0097,0.0295,2.09,0.11
anthracnose690_.jpg,14.6,27.26,33.78,9.61,3.67,42.48,0.0384,0.0267,0.0385,1.17,-0.01
anthracnose691_.jpg,14.49,30.3,33.32,9.32,11.94,37.36,0.0312,0.0078,0.0295,2.34,0.17
anthracnose692_.jpg,14.47,52.57,30.92,7.13,21.16,34.88,0.0334,0.0091,0.0322,2.43,0.11
anthracnose693_.jpg,14.5,20.8,34.95,9.51,4.56,41.54,0.0227,0.0082,0.0221,1.45,0.06
anthracnose694_.jpg,14.44,78.1,29.2,6.56,27.04,33.81,0.0456,0.0163,0.048,2.93,-0.25
anthracnose695_.jpg,14.46,31.7,33.12,10.79,9.1,38.54,0.0316,0.0127,0.031,1.89,0.07
anthracnose696_.jpg,14.47,65.71,29.95,7.48,22.97,34.52,0.0513,0.0151,0.0519,3.62,-0.05
anthracnose697_.jpg,14.47,79.97,29.1,6.16,30.83,33.24,0.0731,0.0094,0.0751,6.37,-0.2
anthracnose698_.jpg,14.43,117.55,27.43,5.73,41.4,31.96,0.0764,0.0178,0.0802,5.86,-0.39
anthracnose699_.jpg,14.49,51.57,31.01,8.42,13.18,36.93,0.0501,0.0119,0.0485,3.82,0.16
anthracnose700_.jpg,14.47,42.54,31.84,9.06,11.61,37.48,0.0386,0.013,0.0395,2.56,-0.09
anthracnose701_.jpg,14.46,43.77,31.72,9.36,11.31,37.6,0.0428,0.0111,0.0426,3.17,0.02
anthracnose702_.jpg,14.45,51.66,31.0,8.55,14.89,36.4,0.0445,0.0134,0.0443,3.1,0.02
anthracnose703_.jpg,14.84,39.26,32.19,8.72,4.92,41.21,0.0363,0.0221,0.0362,1.42,0.01
anthracnose704_.jpg,15.46,14.82,36.42,18.45,1.54,46.26,0.012,0.0095,0.0109,0.25,0.11
anthracnose705_.jpg,16.82,57.78,30.51,12.26,4.59,41.52,0.0262,0.0234,0.0262,0.27,-0.01
anthracnose706_.jpg,14.92,13.04,36.98,15.21,2.89,43.52,0.0213,0.0176,0.0209,0.37,0.04
anthracnose707_.jpg,14.91,48.76,31.25,9.92,12.79,37.06,0.0372,0.0118,0.0375,2.55,-0.03
anthracnose708_.jpg,14.99,41.37,31.96,11.76,7.95,39.13,0.0214,0.0099,0.0224,1.15,-0.11
anthracnose709_.jpg,14.85,7.7,39.27,17.84,1.08,47.82,0.0027,0.0022,0.002,0.05,0.07
anthracnose710_.jpg,14.51,76.16,29.31,6.61,37.38,32.4,0.0336,0.0071,0.0333,2.66,0.04
anthracnose711_.jpg,14.46,114.52,27.54,6.11,48.6,31.26,0.0409,0.0128,0.0442,2.81,-0.33
anthracnose712_.jpg,14.49,94.14,28.39,6.36,46.15,31.49,0.0368,0.0105,0.0372,2.63,-0.05
anthracnose713_.jpg,14.48,100.69,28.1,6.06,45.02,31.6,0.0343,0.0102,0.0374,2.4,-0.31
anthracnose714_.jpg,14.5,76.24,29.31,6.75,39.64,32.15,0.0314,0.0061,0.0315,2.53,-0.02
anthracnose715_.jpg,14.49,76.44,29.3,7.05,35.86,32.58,0.0322,0.0097,0.033,2.25,-0.08
anthracnose716_.jpg,14.49,81.55,29.02,6.61,44.25,31.67,0.0266,0.0091,0.0283,1.76,-0.17
anthracnose717_.jpg,14.25,113.7,27.57,5.87,36.96,32.45,0.0695,0.0311,0.0708,3.84,-0.13
anthracnose718_.jpg,14.48,77.91,29.21,6.74,41.68,31.93,0.0288,0.0099,0.0288,1.9,0.0
anthracnose719_.jpg,14.48,105.99,27.88,6.38,45.26,31.57,0.034,0.0117,0.0362,2.23,-0.22
anthracnose720_.jpg,14.5,22.93,34.53,10.4,6.96,39.7,0.0236,0.0051,0.0232,1.85,0.04
anthracnose721_.jpg,14.45,64.85,30.01,7.0,29.21,33.48,0.0301,0.0085,0.0294,2.16,0.07
anthracnose722_.jpg,14.49,37.68,32.37,9.65,13.62,36.79,0.0352,0.0066,0.0362,2.85,-0.1
anthracnose723_.jpg,14.48,96.34,28.29,6.37,45.84,31.52,0.0317,0.009,0.0331,2.27,-0.14
anthracnose724_.jpg,14.49,110.14,27.71,6.24,50.42,31.11,0.0331,0.0079,0.0346,2.51,-0.16
anthracnose725_.jpg,14.47,115.44,27.51,6.15,51.98,30.97,0.037,0.013,0.041,2.4,-0.4
anthracnose726_.jpg,14.49,56.04,30.65,8.31,23.89,34.35,0.0286,0.0036,0.0319,2.51,-0.33
anthracnose727_.jpg,14.5,62.01,30.21,7.65,26.63,33.88,0.0371,0.0093,0.0365,2.78,0.06
anthracnose728_.jpg,14.47,84.47,28.86,6.71,30.4,33.3,0.0419,0.0112,0.0427,3.07,-0.08
anthracnose729_.jpg,14.48,73.96,29.44,6.88,39.34,32.18,0.0286,0.0068,0.0292,2.18,-0.06
anthracnose730_.jpg,14.5,38.95,32.23,9.16,15.9,36.12,0.0356,0.0095,0.0344,2.62,0.12
anthracnose731_.jpg,14.43,128.27,27.05,5.43,52.85,30.9,0.0658,0.0147,0.0679,5.11,-0.21
anthracnose732_.jpg,14.35,178.78,25.61,4.71,57.45,30.54,0.1196,0.0324,0.1233,8.72,-0.37
anthracnose733_.jpg,14.5,119.74,27.35,5.81,54.57,30.76,0.0279,0.0052,0.0301,2.26,-0.22
anthracnose734_.jpg,14.45,139.7,26.68,5.15,56.86,30.58,0.0813,0.0135,0.0828,6.78,-0.15
anthracnose735_.jpg,14.37,171.01,25.8,4.78,60.15,30.34,0.1095,0.0269,0.1139,8.26,-0.44
anthracnose736_.jpg,14.13,158.72,26.12,5.23,46.56,31.45,0.0921,0.0318,0.0961,6.03,-0.4
anthracnose737_.jpg,14.48,131.28,26.95,5.84,49.63,31.17,0.0454,0.0106,0.0554,3.48,-1.0
anthracnose738_.jpg,14.48,128.89,27.03,5.39,55.17,30.71,0.0646,0.011,0.0701,5.36,-0.55
anthracnose739_.jpg,14.5,98.19,28.21,6.17,51.51,31.01,0.0278,0.0046,0.0303,2.32,-0.25
anthracnose740_.jpg,14.22,130.12,26.99,5.41,45.52,31.55,0.0698,0.0337,0.071,3.62,-0.12
anthracnose741_.jpg,14.46,148.62,26.41,5.61,58.81,30.44,0.0425,0.0113,0.0481,3.12,-0.57
anthracnose742_.jpg,14.5,118.63,27.39,5.8,55.77,30.67,0.0336,0.0063,0.0358,2.73,-0.22
anthracnose743_.jpg,14.49,103.83,27.97,5.91,48.41,31.28,0.0426,0.0121,0.0418,3.05,0.08
anthracnose744_.jpg,14.38,140.86,26.64,5.21,54.74,30.75,0.0771,0.0183,0.0793,5.88,-0.21
anthracnose745_.jpg,14.38,184.0,25.48,4.71,52.28,30.95,0.1242,0.0249,0.1284,9.93,-0.42
anthracnose746_.jpg,14.48,84.07,28.88,6.57,38.8,32.24,0.0434,0.0086,0.0432,3.49,0.02
anthracnose747_.jpg,14.49,99.78,28.14,6.56,42.92,31.8,0.0357,0.012,0.0374,2.37,-0.17
anthracnose748_.jpg,14.5,135.84,26.8,5.54,59.01,30.42,0.0368,0.0063,0.0409,3.05,-0.41
anthracnose749_.jpg,14.55,55.72,30.67,6.14,10.13,38.08,0.0557,0.0225,0.0542,3.32,0.14
anthracnose750_.jpg,14.5,28.47,33.59,8.42,8.44,38.87,0.0356,0.0056,0.0336,3.0,0.2
anthracnose751_.jpg,14.44,53.35,30.86,6.97,7.63,39.31,0.0663,0.0227,0.0648,4.36,0.15
anthracnose752_.jpg,14.28,97.97,28.22,5.61,23.74,34.38,0.0825,0.0301,0.0838,5.24,-0.13
anthracnose753_.jpg,14.71,66.81,29.88,5.91,11.36,37.58,0.0746,0.0421,0.0735,3.25,0.11
anthracnose754_.jpg,14.02,243.7,24.26,4.41,39.61,32.15,0.156,0.0851,0.1609,7.1,-0.49
anthracnose755_.jpg,13.97,230.15,24.51,4.74,36.25,32.54,0.1305,0.0756,0.1332,5.49,-0.27
anthracnose756_.jpg,14.66,38.37,32.29,7.8,6.73,39.85,0.0432,0.0211,0.0418,2.21,0.14
anthracnose757_.jpg,14.32,160.3,26.08,5.86,28.83,33.53,0.0906,0.0402,0.0906,5.05,-0.0
anthracnose758_.jpg,14.78,152.87,26.29,5.14,22.42,34.62,0.1557,0.0484,0.1561,10.74,-0.04
anthracnose765_.jpg,14.42,43.9,31.71,8.93,15.63,36.19,0.0181,0.0101,0.0185,0.8,-0.04
anthracnose766_.jpg,14.43,30.17,33.34,10.98,9.94,38.16,0.0192,0.0128,0.0196,0.64,-0.04
anthracnose767_.jpg,14.44,41.57,31.94,9.59,15.91,36.11,0.0236,0.0102,0.0242,1.33,-0.06
anthracnose768_.jpg,14.45,34.17,32.79,9.22,11.81,37.41,0.019,0.0104,0.0178,0.86,0.13
anthracnose769_.jpg,14.35,36.91,32.46,9.93,13.44,36.85,0.0148,0.0102,0.0145,0.46,0.03
anthracnose770_.jpg,14.45,50.85,31.07,7.8,22.53,34.6,0.0291,0.0063,0.0274,2.28,0.16
anthracnose771_.jpg,14.44,43.87,31.71,8.8,18.04,35.57,0.0233,0.0105,0.0231,1.28,0.02
anthracnose772_.jpg,14.47,39.02,32.22,9.11,16.47,35.96,0.0274,0.0117,0.0251,1.57,0.22
anthracnose773_.jpg,14.47,22.55,34.6,10.68,9.09,38.54,0.0195,0.0101,0.0194,0.94,0.02
anthracnose774_.jpg,14.51,20.6,34.99,11.9,6.1,40.27,0.0161,0.0084,0.0158,0.76,0.03
anthracnose775_.jpg,14.5,6.17,40.23,13.82,1.63,46.01,0.0051,0.0044,0.0052,0.08,-0.01
anthracnose776_.jpg,14.43,35.53,32.62,7.77,10.45,37.94,0.0352,0.0217,0.0344,1.35,0.08
anthracnose777_.jpg,14.51,15.68,36.18,9.65,3.42,42.79,0.0225,0.0102,0.0227,1.23,-0.02
anthracnose778_.jpg,14.5,21.15,34.88,8.74,4.57,41.53,0.0311,0.0109,0.033,2.01,-0.19
anthracnose779_.jpg,14.5,20.54,35.01,13.3,7.59,39.33,0.0114,0.0071,0.0118,0.44,-0.04
anthracnose780_.jpg,14.44,28.29,33.61,10.61,8.13,39.03,0.0213,0.0126,0.0214,0.87,-0.01
anthracnose781_.jpg,14.45,40.43,32.06,9.64,12.3,37.23,0.0286,0.0133,0.028,1.53,0.06
anthracnose782_.jpg,14.45,25.81,34.01,11.19,8.92,38.63,0.0186,0.0088,0.0184,0.98,0.02
anthracnose783_.jpg,14.45,28.66,33.56,10.58,10.2,38.04,0.0244,0.01,0.0232,1.44,0.12
anthracnose784_.jpg,14.46,35.57,32.62,9.71,12.59,37.13,0.0238,0.0087,0.026,1.51,-0.22
anthracnose785_.jpg,14.5,16.32,36.0,14.29,3.25,43.01,0.0112,0.0089,0.0105,0.23,0.07
anthracnose786_.jpg,14.51,16.14,36.05,11.78,5.07,41.08,0.0143,0.0088,0.0144,0.55,-0.01
anthracnose787_.jpg,14.42,32.37,33.03,10.24,10.41,37.96,0.0205,0.0099,0.0181,1.06,0.24
anthracnose788_.jpg,14.4,27.27,33.77,11.88,9.32,38.44,0.0192,0.0107,0.019,0.86,0.03
anthracnose789_.jpg,14.45,38.39,32.29,8.67,12.56,37.14,0.0286,0.013,0.029,1.56,-0.04
anthracnose790_.jpg,14.47,26.19,33.95,10.73,8.55,38.81,0.0189,0.0111,0.019,0.77,-0.01
anthracnose791_.jpg,14.39,28.68,33.55,11.06,9.69,38.27,0.0165,0.0105,0.0162,0.6,0.03
anthracnose792_.jpg,14.46,19.88,35.15,12.73,5.64,40.62,0.0195,0.0086,0.0187,1.09,0.08
anthracnose793_.jpg,14.49,24.8,34.19,11.16,8.92,38.63,0.0216,0.0086,0.0226,1.3,-0.1
anthracnose794_.jpg,14.42,31.06,33.21,10.56,8.85,38.66,0.0224,0.0107,0.0219,1.17,0.05
anthracnose795_.jpg,14.48,20.22,35.07,11.43,6.2,40.2,0.0202,0.013,0.0202,0.72,0.0
anthracnose796_.jpg,14.49,29.38,33.45,11.29,8.49,38.84,0.0227,0.0094,0.0222,1.33,0.05
anthracnose797_.jpg,14.44,21.16,34.88,11.54,7.07,39.64,0.017,0.0115,0.0166,0.55,0.03
anthracnose798_.jpg,14.47,18.48,35.46,12.37,4.66,41.44,0.0182,0.0126,0.0189,0.56,-0.07
anthracnose799_.jpg,14.47,36.92,32.46,9.55,10.91,37.75,0.0343,0.0113,0.0336,2.3,0.07
anthracnose800_.jpg,14.49,38.55,32.27,9.05,13.36,36.87,0.0389,0.0093,0.037,2.96,0.19
anthracnose801_.jpg,14.48,36.9,32.46,9.92,12.47,37.17,0.0314,0.0094,0.0297,2.2,0.18
anthracnose802_.jpg,14.5,31.59,33.14,10.12,11.06,37.69,0.0318,0.0097,0.0312,2.21,0.06
anthracnose803_.jpg,14.47,61.84,30.22,7.52,25.9,34.0,0.0427,0.0085,0.0428,3.42,-0.02
anthracnose804_.jpg,14.43,70.38,29.66,7.28,20.81,34.95,0.0548,0.0212,0.0546,3.36,0.01
anthracnose805_.jpg,14.74,37.25,32.42,8.85,6.72,39.86,0.0329,0.0179,0.0327,1.5,0.02
anthracnose806_.jpg,14.64,70.65,29.64,6.71,18.17,35.54,0.0612,0.0301,0.0611,3.11,0.01
anthracnose807_.jpg,14.5,34.36,32.77,9.21,16.23,36.03,0.0251,0.0073,0.0257,1.78,-0.06
anthracnose808_.jpg,14.47,40.15,32.09,8.69,17.34,35.74,0.0272,0.0105,0.0282,1.67,-0.1
anthracnose809_.jpg,14.48,20.37,35.04,11.01,5.1,41.06,0.0273,0.0089,0.0256,1.84,0.17
anthracnose810_.jpg,14.48,32.17,33.06,10.01,9.67,38.27,0.0408,0.0173,0.0388,2.35,0.2
anthracnose811_.jpg,14.47,33.91,32.83,9.93,10.18,38.05,0.0412,0.0179,0.0401,2.33,0.11
anthracnose812_.jpg,14.54,8.99,38.59,12.73,2.75,43.74,0.0091,0.0066,0.0092,0.24,-0.01
anthracnose813_.jpg,14.51,43.24,31.77,7.87,17.47,35.71,0.0362,0.0127,0.0348,2.35,0.14
anthracnose814_.jpg,14.39,69.33,29.72,6.93,20.69,34.97,0.0506,0.0177,0.0511,3.3,-0.04
anthracnose815_.jpg,14.48,32.54,33.01,8.84,10.38,37.97,0.0278,0.0105,0.026,1.73,0.18
anthracnose816_.jpg,14.46,26.89,33.83,9.79,8.24,38.97,0.0272,0.0102,0.0256,1.7,0.15
anthracnose817_.jpg,14.51,17.19,35.78,9.95,3.0,43.35,0.0216,0.0108,0.0222,1.08,-0.05
anthracnose818_.jpg,14.42,78.21,29.2,6.72,24.73,34.2,0.0744,0.0213,0.0753,5.3,-0.09
anthracnose819_.jpg,14.51,31.73,33.12,8.43,11.09,37.68,0.0354,0.0054,0.0327,3.0,0.27
anthracnose820_.jpg,14.46,37.59,32.38,8.51,11.93,37.36,0.032,0.0113,0.0303,2.07,0.16
anthracnose821_.jpg,14.47,36.48,32.51,10.14,12.31,37.23,0.0304,0.0116,0.0303,1.88,0.0
anthracnose822_.jpg,14.39,53.29,30.86,9.01,17.69,35.65,0.0392,0.0174,0.0387,2.18,0.05
anthracnose823_.jpg,14.42,60.1,30.34,7.92,18.11,35.55,0.0546,0.0139,0.055,4.08,-0.04
anthracnose824_.jpg,14.39,59.43,30.39,7.91,19.34,35.27,0.0487,0.0159,0.0493,3.28,-0.06
anthracnose825_.jpg,14.48,39.77,32.14,8.35,14.03,36.66,0.0404,0.0113,0.0375,2.91,0.29
anthracnose826_.jpg,14.48,43.29,31.77,8.66,16.92,35.85,0.034,0.0101,0.0335,2.39,0.05
anthracnose827_.jpg,14.51,31.4,33.16,9.34,10.65,37.86,0.0259,0.0092,0.025,1.68,0.09
anthracnose828_.jpg,14.48,31.14,33.2,9.09,11.41,37.56,0.0265,0.0099,0.0253,1.66,0.12
anthracnose829_.jpg,14.44,48.02,31.32,9.02,13.69,36.77,0.0408,0.0167,0.041,2.41,-0.02
anthracnose830_.jpg,14.42,30.52,33.28,11.05,6.77,39.83,0.0221,0.0156,0.0221,0.65,-0.0
anthracnose831_.jpg,14.51,37.37,32.41,9.02,16.54,35.94,0.0249,0.009,0.024,1.6,0.1
anthracnose832_.jpg,14.5,64.04,30.07,8.24,21.58,34.79,0.0552,0.0097,0.0576,4.55,-0.24
anthracnose833_.jpg,14.92,18.82,35.38,14.03,3.32,42.93,0.0089,0.005,0.0073,0.38,0.16
anthracnose834_.jpg,14.51,9.62,38.3,12.22,2.42,44.29,0.0118,0.0061,0.0114,0.57,0.03
anthracnose835_.jpg,14.51,44.42,31.65,8.51,16.86,35.86,0.0427,0.0077,0.0422,3.5,0.06
anthracnose836_.jpg,14.5,20.06,35.11,9.18,6.35,40.1,0.0147,0.0084,0.0151,0.62,-0.04
anthracnose837_.jpg,14.49,74.69,29.4,7.06,27.84,33.68,0.0455,0.0121,0.0455,3.34,-0.0
anthracnose838_.jpg,14.45,66.43,29.91,7.93,22.01,34.7,0.0454,0.0141,0.0462,3.12,-0.08
anthracnose839_.jpg,14.51,52.59,30.92,7.13,29.26,33.47,0.025,0.0042,0.0249,2.08,0.01
anthracnose840_.jpg,14.48,52.78,30.91,7.73,21.41,34.83,0.0332,0.0097,0.033,2.35,0.02
anthracnose841_.jpg,14.5,26.47,33.9,7.87,6.17,40.23,0.0255,0.0079,0.0249,1.76,0.06
anthracnose842_.jpg,14.45,54.71,30.75,7.19,19.36,35.26,0.0399,0.0112,0.0421,2.87,-0.22
anthracnose843_.jpg,14.47,79.81,29.11,6.62,28.94,33.52,0.0523,0.0127,0.052,3.96,0.03
anthracnose844_.jpg,14.42,58.5,30.46,8.16,19.15,35.31,0.039,0.0167,0.0391,2.23,-0.02
anthracnose845_.jpg,14.47,53.65,30.84,7.32,17.99,35.58,0.0442,0.0195,0.0432,2.48,0.1
anthracnose846_.jpg,14.43,88.93,28.64,5.86,28.19,33.63,0.0812,0.0214,0.0803,5.98,0.09
anthracnose847_.jpg,14.48,74.55,29.41,6.2,16.22,36.03,0.0843,0.0158,0.0852,6.85,-0.09
anthracnose848_.jpg,14.5,40.66,32.04,8.06,12.96,37.0,0.0346,0.0104,0.0352,2.42,-0.06
anthracnose849_.jpg,14.49,49.66,31.17,8.09,19.09,35.32,0.0398,0.0132,0.0413,2.66,-0.14
anthracnose850_.jpg,14.49,59.9,30.36,6.95,24.14,34.3,0.0482,0.0189,0.0473,2.93,0.09
anthracnose851_.jpg,14.47,36.21,32.54,9.11,14.26,36.59,0.033,0.0089,0.0324,2.41,0.06
anthracnose852_.jpg,14.46,43.33,31.76,8.39,13.21,36.92,0.0369,0.0194,0.0366,1.75,0.03
anthracnose853_.jpg,14.43,36.13,32.55,8.76,8.57,38.8,0.0344,0.0232,0.0342,1.12,0.01
anthracnose854_.jpg,14.66,32.4,33.03,9.38,11.02,37.71,0.0232,0.0088,0.0218,1.44,0.14
anthracnose855_.jpg,14.53,29.52,33.43,9.7,11.78,37.42,0.024,0.0127,0.024,1.13,0.0
anthracnose856_.jpg,14.56,18.52,35.46,10.43,5.87,40.45,0.0225,0.0121,0.0224,1.04,0.01
anthracnose857_.jpg,14.47,45.75,31.53,8.1,15.69,36.17,0.0346,0.0124,0.034,2.22,0.06
anthracnose858_.jpg,14.5,33.72,32.85,9.33,11.31,37.6,0.0311,0.0188,0.0301,1.23,0.1
anthracnose859_.jpg,14.5,25.55,34.06,9.78,8.58,38.8,0.0315,0.0136,0.0298,1.79,0.17
anthracnose860_.jpg,14.6,4.61,41.49,16.82,1.12,47.65,0.0033,0.0024,0.0033,0.09,0.01
anthracnose861_.jpg,14.48,33.71,32.85,8.6,8.63,38.77,0.0394,0.0142,0.037,2.53,0.24
anthracnose862_.jpg,14.46,43.76,31.72,7.82,15.39,36.26,0.0395,0.0127,0.0386,2.68,0.09
anthracnose863_.jpg,14.48,48.71,31.25,7.32,17.37,35.73,0.039,0.0128,0.0379,2.61,0.11
anthracnose864_.jpg,14.47,58.53,30.46,7.23,21.02,34.9,0.0487,0.0213,0.049,2.74,-0.03
anthracnose865_.jpg,14.47,49.58,31.18,7.84,16.4,35.98,0.0385,0.016,0.0387,2.25,-0.02
anthracnose866_.jpg,14.46,32.21,33.05,9.16,6.03,40.33,0.0387,0.0223,0.0385,1.64,0.02
anthracnose867_.jpg,14.53,17.42,35.72,10.25,6.28,40.15,0.0126,0.005,0.0138,0.76,-0.12
anthracnose868_.jpg,14.49,21.32,34.84,10.65,4.41,41.69,0.0231,0.0106,0.0218,1.25,0.13
anthracnose869_.jpg,14.49,44.51,31.65,8.48,13.4,36.86,0.0449,0.0142,0.0438,3.07,0.11
anthracnose870_.jpg,14.5,27.95,33.67,9.51,10.88,37.77,0.0268,0.0113,0.0259,1.55,0.08
anthracnose871_.jpg,14.48,10.59,37.88,10.95,2.45,44.24,0.0119,0.0097,0.0132,0.22,-0.13
anthracnose872_.jpg,14.47,22.61,34.59,11.24,8.44,38.87,0.0137,0.0093,0.0131,0.44,0.06
anthracnose873_.jpg,14.54,40.03,32.11,8.5,12.4,37.2,0.0419,0.0117,0.0403,3.02,0.16
anthracnose874_.jpg,14.49,52.45,30.93,8.37,14.18,36.61,0.0512,0.015,0.0505,3.62,0.07
anthracnose875_.jpg,14.51,45.82,31.52,8.03,10.66,37.85,0.0402,0.0143,0.0398,2.59,0.04
anthracnose876_.jpg,14.47,55.27,30.71,7.31,18.68,35.42,0.0512,0.0126,0.0494,3.86,0.18
anthracnose877_.jpg,14.52,30.0,33.36,9.11,7.34,39.47,0.0325,0.0126,0.032,2.0,0.05
anthracnose878_.jpg,14.48,49.52,31.18,7.87,17.55,35.69,0.0332,0.0098,0.0323,2.34,0.09
anthracnose879_.jpg,14.45,39.39,32.18,8.71,13.22,36.92,0.027,0.0123,0.027,1.47,0.0
anthracnose880_.jpg,14.52,18.75,35.4,10.42,5.54,40.7,0.0204,0.009,0.0209,1.15,-0.04
anthracnose881_.jpg,14.4,51.28,31.03,7.7,14.92,36.39,0.0392,0.0164,0.0389,2.28,0.03
anthracnose882_.jpg,14.42,47.74,31.34,8.2,12.81,37.06,0.0466,0.014,0.0462,3.26,0.03
anthracnose883_.jpg,14.48,46.93,31.42,8.23,15.02,36.36,0.0378,0.0114,0.0386,2.64,-0.08
anthracnose884_.jpg,14.48,14.92,36.39,13.62,4.41,41.69,0.0139,0.0087,0.0136,0.52,0.03
anthracnose885_.jpg,14.5,27.64,33.71,9.8,9.3,38.45,0.0266,0.0082,0.0249,1.84,0.16
anthracnose886_.jpg,14.52,47.35,31.38,8.17,15.52,36.22,0.0383,0.0164,0.0384,2.19,-0.01
anthracnose887_.jpg,14.65,28.25,33.62,9.76,6.92,39.73,0.0279,0.014,0.0276,1.39,0.03
anthracnose888_.jpg,14.51,27.67,33.71,8.26,5.02,41.12,0.0402,0.012,0.0382,2.82,0.2
anthracnose889_.jpg,14.45,56.42,30.62,7.28,19.87,35.15,0.0423,0.0167,0.041,2.56,0.13
anthracnose890_.jpg,14.5,38.18,32.31,8.53,15.4,36.25,0.0246,0.0086,0.0225,1.6,0.21
anthracnose891_.jpg,14.46,62.09,30.2,7.85,21.46,34.81,0.0487,0.0114,0.0483,3.73,0.04
anthracnose892_.jpg,14.54,12.9,37.02,12.5,4.15,41.96,0.0157,0.0089,0.0146,0.68,0.11
anthracnose893_.jpg,14.51,24.79,34.19,9.44,10.29,38.01,0.0205,0.0087,0.0184,1.18,0.22
anthracnose894_.jpg,14.48,20.28,35.06,11.58,6.79,39.81,0.0194,0.0078,0.0181,1.16,0.13
anthracnose895_.jpg,14.45,32.6,33.0,9.68,11.11,37.67,0.0203,0.0097,0.0198,1.06,0.05
anthracnose896_.jpg,14.46,37.44,32.4,8.75,14.14,36.62,0.0354,0.014,0.0343,2.15,0.11
anthracnose897_.jpg,14.5,16.63,35.92,12.16,3.36,42.87,0.0247,0.0098,0.0225,1.49,0.22
anthracnose898_.jpg,14.5,56.91,30.58,7.76,24.31,34.27,0.0312,0.0053,0.0323,2.59,-0.11
anthracnose899_.jpg,14.46,54.12,30.8,8.13,19.94,35.13,0.0368,0.0143,0.0383,2.25,-0.15
anthracnose900_.jpg,14.45,16.13,36.05,12.69,5.06,41.09,0.0109,0.0091,0.0103,0.18,0.06
anthracnose901_.jpg,14.47,47.33,31.38,7.61,16.84,35.87,0.0342,0.008,0.0333,2.62,0.09
anthracnose902_.jpg,14.47,29.55,33.42,10.87,9.17,38.51,0.0251,0.0092,0.024,1.59,0.1
anthracnose903_.jpg,14.48,43.45,31.75,9.32,15.95,36.1,0.0351,0.0108,0.035,2.42,0.01
anthracnose904_.jpg,14.48,38.6,32.27,8.33,13.5,36.83,0.0264,0.0098,0.0267,1.66,-0.03
anthracnose905_.jpg,14.46,44.57,31.64,8.05,15.75,36.16,0.0344,0.0095,0.034,2.49,0.04
anthracnose906_.jpg,14.47,35.45,32.63,8.97,7.03,39.66,0.0354,0.0166,0.0351,1.88,0.03
anthracnose907_.jpg,14.49,52.35,30.94,7.85,23.56,34.41,0.0326,0.0066,0.0321,2.6,0.05
anthracnose908_.jpg,14.43,41.87,31.91,8.68,14.44,36.53,0.0318,0.0086,0.031,2.32,0.08
anthracnose909_.jpg,14.47,23.27,34.46,10.83,8.08,39.06,0.0164,0.0064,0.0158,0.99,0.05
anthracnose910_.jpg,14.48,51.39,31.02,8.19,23.73,34.38,0.028,0.0066,0.0261,2.14,0.19
anthracnose911_.jpg,14.41,50.37,31.11,8.47,20.08,35.1,0.0292,0.009,0.0311,2.03,-0.19
anthracnose912_.jpg,14.47,78.62,29.18,6.95,30.91,33.23,0.0519,0.0117,0.0542,4.02,-0.23
anthracnose913_.jpg,14.48,30.74,33.25,9.36,5.65,40.61,0.0317,0.012,0.0315,1.96,0.02
anthracnose914_.jpg,14.5,44.3,31.67,8.68,19.94,35.13,0.024,0.0058,0.0252,1.82,-0.12
anthracnose915_.jpg,14.49,42.59,31.84,8.71,16.95,35.84,0.0288,0.0097,0.0276,1.91,0.11
anthracnose916_.jpg,14.5,70.41,29.65,7.23,33.06,32.94,0.0414,0.0085,0.0459,3.29,-0.46
anthracnose917_.jpg,14.48,67.72,29.82,7.09,24.52,34.24,0.0428,0.0135,0.0431,2.93,-0.03
anthracnose918_.jpg,14.51,12.28,37.24,11.63,3.49,42.7,0.0102,0.0085,0.0102,0.17,-0.01
anthracnose919_.jpg,14.45,48.86,31.24,7.89,21.25,34.86,0.0262,0.0069,0.0256,1.93,0.06
anthracnose920_.jpg,14.48,23.66,34.39,10.69,9.7,38.26,0.0161,0.0073,0.0158,0.88,0.03
anthracnose921_.jpg,14.48,18.78,35.39,11.72,7.21,39.55,0.0132,0.0056,0.0131,0.76,0.02
anthracnose922_.jpg,14.38,73.89,29.45,7.07,24.5,34.24,0.052,0.018,0.0533,3.4,-0.14
anthracnose923_.jpg,14.43,112.41,27.62,6.02,46.19,31.49,0.0645,0.0157,0.0677,4.88,-0.32
anthracnose924_.jpg,14.42,96.28,28.3,6.75,35.64,32.61,0.0502,0.0174,0.0508,3.28,-0.06
anthracnose925_.jpg,14.44,72.2,29.55,7.32,22.99,34.52,0.0489,0.0129,0.0512,3.6,-0.23
anthracnose926_.jpg,14.39,83.42,28.92,7.4,24.87,34.17,0.057,0.0232,0.0581,3.38,-0.11
anthracnose927_.jpg,14.44,83.05,28.94,6.76,31.79,33.11,0.0547,0.0171,0.0551,3.76,-0.04
anthracnose928_.jpg,14.42,50.99,31.06,9.88,18.53,35.45,0.0323,0.0132,0.0321,1.91,0.03
anthracnose929_.jpg,14.46,53.82,30.82,7.87,20.28,35.06,0.04,0.0146,0.0392,2.53,0.08
anthracnose930_.jpg,14.39,96.43,28.29,6.05,39.84,32.13,0.0561,0.0216,0.0594,3.45,-0.33
anthracnose931_.jpg,14.48,83.17,28.93,6.59,31.89,33.09,0.0694,0.0123,0.072,5.71,-0.26
anthracnose932_.jpg,14.51,66.59,29.9,7.23,22.35,34.64,0.0482,0.0191,0.0496,2.91,-0.14
anthracnose933_.jpg,14.43,68.17,29.79,7.65,24.91,34.17,0.0403,0.0144,0.0413,2.59,-0.09
anthracnose934_.jpg,14.46,69.16,29.73,6.96,29.94,33.37,0.0479,0.0106,0.0491,3.73,-0.12
anthracnose935_.jpg,14.41,73.32,29.48,7.28,26.38,33.92,0.0487,0.0172,0.0472,3.16,0.15
anthracnose936_.jpg,14.41,85.52,28.81,6.49,32.54,33.01,0.0568,0.0133,0.056,4.35,0.08
anthracnose937_.jpg,14.48,72.57,29.52,7.26,24.75,34.19,0.0473,0.0132,0.0482,3.42,-0.08
anthracnose938_.jpg,14.46,82.96,28.94,6.73,30.51,33.29,0.0483,0.0169,0.0475,3.14,0.08
anthracnose939_.jpg,14.43,57.28,30.55,8.59,15.17,36.32,0.0499,0.0213,0.0502,2.86,-0.03
anthracnose940_.jpg,14.41,60.15,30.34,8.38,13.55,36.81,0.0535,0.0293,0.0532,2.42,0.03
anthracnose941_.jpg,14.79,87.19,28.73,7.83,19.22,35.29,0.0556,0.0277,0.0563,2.79,-0.06
anthracnose942_.jpg,15.08,24.26,34.28,11.98,2.44,44.25,0.0198,0.0182,0.0196,0.16,0.02
anthracnose943_.jpg,14.51,11.87,37.39,12.05,2.22,44.66,0.0185,0.0121,0.0172,0.63,0.12
anthracnose944_.jpg,14.58,30.67,33.26,9.66,9.16,38.51,0.0306,0.0125,0.0278,1.81,0.28
anthracnose945_.jpg,14.46,70.37,29.66,7.55,21.93,34.72,0.0587,0.0171,0.0596,4.17,-0.09
anthracnose946_.jpg,14.49,83.67,28.91,6.83,32.44,33.02,0.0573,0.0159,0.0593,4.14,-0.2
anthracnose947_.jpg,14.44,85.04,28.83,6.72,29.79,33.39,0.0544,0.0182,0.0558,3.61,-0.14
anthracnose948_.jpg,14.49,56.48,30.61,7.84,18.21,35.53,0.0446,0.0129,0.0435,3.17,0.11
anthracnose949_.jpg,14.47,66.87,29.88,7.92,23.37,34.44,0.0443,0.014,0.0441,3.04,0.02
anthracnose950_.jpg,14.49,32.36,33.03,8.88,9.68,38.27,0.035,0.0073,0.0339,2.77,0.11
anthracnose951_.jpg,14.5,31.31,33.17,9.98,15.07,36.35,0.018,0.0086,0.0175,0.94,0.05
anthracnose952_.jpg,14.45,58.48,30.46,7.42,16.1,36.06,0.0618,0.0178,0.0615,4.4,0.03
anthracnose953_.jpg,14.5,40.31,32.08,8.41,12.63,37.12,0.0402,0.0119,0.0399,2.83,0.03
anthracnose954_.jpg,14.5,60.71,30.3,8.41,24.04,34.32,0.0479,0.0102,0.0481,3.78,-0.01
anthracnose955_.jpg,14.51,2.29,44.53,14.04,1.24,47.18,0.0031,0.0033,0.002,-0.03,0.1
anthracnose956_.jpg,14.51,28.16,33.63,9.55,11.71,37.45,0.0228,0.0067,0.0226,1.61,0.02
anthracnose957_.jpg,14.49,31.02,33.21,10.34,13.23,36.92,0.0249,0.0071,0.0247,1.78,0.02
anthracnose958_.jpg,14.51,19.84,35.16,11.29,9.16,38.51,0.0148,0.0052,0.0134,0.96,0.14
anthracnose959_.jpg,14.49,20.44,35.03,10.98,8.44,38.87,0.0187,0.0061,0.0179,1.26,0.08
anthracnose960_.jpg,14.51,34.5,32.75,9.96,14.72,36.45,0.0252,0.0042,0.0238,2.1,0.14
anthracnose961_.jpg,14.51,12.59,37.13,11.17,3.07,43.26,0.0179,0.0065,0.0167,1.13,0.12
anthracnose968_.jpg,14.51,25.02,34.15,8.88,9.74,38.25,0.0188,0.0048,0.0182,1.4,0.06
anthracnose969_.jpg,14.5,21.55,34.8,9.16,8.58,38.8,0.016,0.005,0.0153,1.1,0.08
anthracnose970_.jpg,14.45,37.88,32.35,8.99,15.32,36.28,0.0228,0.0112,0.0229,1.15,-0.02
anthracnose971_.jpg,14.51,45.01,31.6,8.2,19.44,35.24,0.0377,0.0079,0.0371,2.98,0.05
anthracnose972_.jpg,14.51,34.21,32.79,9.27,15.34,36.27,0.0167,0.0089,0.0164,0.77,0.03
anthracnose973_.jpg,14.5,19.04,35.33,11.85,5.68,40.58,0.0227,0.0073,0.0216,1.54,0.12
anthracnose980_.jpg,14.41,81.18,29.04,7.04,25.34,34.09,0.0607,0.0239,0.062,3.67,-0.14
anthracnose981_.jpg,14.37,84.7,28.85,6.44,27.51,33.74,0.0694,0.029,0.0703,4.03,-0.09
anthracnose982_.jpg,14.51,29.89,33.38,10.7,9.05,38.56,0.0253,0.015,0.0249,1.03,0.04
anthracnose983_.jpg,14.48,22.57,34.6,11.7,6.73,39.85,0.0245,0.0162,0.0244,0.83,0.01
anthracnose984_.jpg,14.42,95.31,28.34,6.71,25.93,33.99,0.0869,0.026,0.0872,6.09,-0.03
anthracnose985_.jpg,14.48,45.13,31.59,8.15,13.1,36.96,0.0471,0.009,0.0462,3.81,0.1
anthracnose986_.jpg,14.54,18.62,35.43,9.98,3.06,43.28,0.0232,0.0132,0.0225,1.01,0.08
anthracnose987_.jpg,14.43,91.83,28.5,6.28,27.31,33.77,0.0747,0.0269,0.0752,4.77,-0.05
anthracnose988_.jpg,14.48,63.18,30.12,7.59,11.05,37.7,0.0471,0.0082,0.0493,3.89,-0.22
anthracnose989_.jpg,14.43,40.52,32.05,9.23,14.62,36.48,0.0229,0.0104,0.0219,1.25,0.1
anthracnose990_.jpg,14.44,41.52,31.95,9.7,18.24,35.52,0.0183,0.0089,0.0187,0.94,-0.05
anthracnose991_.jpg,14.5,24.43,34.25,10.8,5.19,40.98,0.035,0.0123,0.0344,2.27,0.06
anthracnose992_.jpg,14.5,23.29,34.46,10.39,8.52,38.83,0.0171,0.006,0.0168,1.12,0.03
anthracnose993_.jpg,14.51,17.19,35.78,12.84,4.55,41.55,0.0137,0.007,0.0139,0.67,-0.02
anthracnose994_.jpg,14.36,46.18,31.49,9.93,12.42,37.19,0.0367,0.0272,0.0359,0.95,0.08
anthracnose995_.jpg,14.49,15.57,36.21,12.28,2.45,44.24,0.0285,0.0199,0.0274,0.86,0.11
anthracnose996_.jpg,14.42,55.02,30.73,9.2,16.51,35.95,0.0434,0.0201,0.043,2.33,0.04
anthracnose997_.jpg,14.34,78.29,29.19,7.5,23.53,34.42,0.046,0.0243,0.0475,2.17,-0.15
anthracnose998_.jpg,14.53,32.47,33.02,9.62,9.89,38.18,0.025,0.0156,0.0255,0.94,-0.05
anthracnose999_.jpg,14.49,32.59,33.0,10.49,10.18,38.06,0.0348,0.0111,0.035,2.37,-0.01
